Année;Projet;Echantillon.Date;Echantillon;date prélèvement ;Humidité;Argile.g.kg;Limons.g.kg;Sables.g.kg;Argile.%;Limons.%;Sables.%;C org;N tot;C/N;MO;pH eau;Cal total;CEC;P2O5;BIOMASSE;C-MOV;RESP C-CO2;RESP_SPE;N_MIN;Ergosterol total;Ergosterol libre;ADN total;ADN 18S;ADN 16S;OPRF;RESP_OXYTOP;ARYLS;GALACTO;DESHYDRO;UREASE;LACCASE;LIP;ARYLN;B_GLUCO;P_AC;P_ALC;CELL;NAG;XYL;"FDA

";PLFA_GRAM+_TOT;PLFA_GRAM-_TOT;PLFA_BACT_TOT;PLFA_FONG_TOT;PLFA_FONG_BACT;PLFA_19_TOT;PLFA_ISO_ANTEISO;PLFA_SAT_MONOINSAT;PLFA_TOT;PP;AWCD 
;Bioindicateur.2;;B10-Th-TS-1;;9,89;174;280;546;17,4;28;54,6;18,915;1,882;10,1;32,72295;8,04;185;12,15;0,183;794;4,2;685,567;0,03083694;29,6111;1,871;1,38;23,75646;0,6391262;1,39E+10;3,55E+08;0,7285524;2,130465;3,70143;0,6708009;52,83847;11,98546;1,726131;6,730499;5,27E+00;5,60E+01;1,73E+01;5,29E-01;1,03E+00;2,76E-02;6,68E-01;0,2646103;0,3487543;0,4298658;0,02829525;0,06582344;0,02710756;0,9638274;0,9123232;110,6943;13;0,2496792
;Bioindicateur.2;;B10-Th-TS-2;;6,2;104;154;742;10,4;15,4;74,2;11,715;1,093;10,7;20,26695;8,18;203,2;7,01;0,183;544;4,64;500,7329;0,03287375;25,12913;1,366;1,224;21,30036;0,2587944;1,70E+10;4,28E+08;0,4808738;1,307606;1,981092;0,05529567;38,72483;5,282552;0,910242;4,814061;3,80E+00;3,91E+01;2,91E+01;4,74E-01;0,00E+00;2,14E-02;7,91E-01;0,262906;0,3375732;0,4257292;0,03180549;0,07470827;0,02596485;0,993379;0,9192758;114,4433;11;0,2286254
;Bioindicateur.2;;B10-Th-TS-3;;6,83;112;204;684;11,2;20,4;68,4;15,233;1,382;11;26,35309;8,13;218,2;8,25;0,194;702;4,61;520,5137;0,02648116;27,61662;1,428;1,505;22,57134;0,3812382;1,37E+10;3,73E+08;0,603949;1,329135;2,577187;0,1648401;39,06909;6,098354;1,441169;5,160158;4,47E+00;4,29E+01;2,36E+01;3,19E-01;8,39E-01;4,47E-02;9,64E-01;0,2757374;0,3136463;0,4057603;0,03603521;0,08880911;0,02824757;0,9579287;1,133033;100,2492;15;0,2865269
;Bioindicateur.2;;B10-Th-TS-4;;8,89;178;273;549;17,8;27,3;54,9;16,845;1,645;10,2;29,14185;8,13;198,9;11,3;0,151;632;3,76;489,163;0,02764258;25,68862;1,702;1,41;23,35679;0,6512822;1,05E+10;3,24E+08;0,5601873;1,985479;3,43363;0,5004111;46,92467;9,39044;0,8662392;4,819044;5,21E+00;4,11E+01;2,47E+01;1,39E-01;1,12E+00;9,73E-03;7,20E-01;0,2737885;0,3243111;0,4014456;0,04426959;0,1102754;0,02648172;0,9999726;1,04314;108,0727;10;0,2029839
;Bioindicateur.2;;B10-Th-TR-1;;6,62;121;217;662;12,1;21,7;66,2;12,757;1,223;10,4;22,06961;8,24;196;8,4;0,155;556;4,36;528,2856;0,03393407;31,17018;1,278;1,269;22,7057;0,9057389;1,07E+10;2,36E+08;0,4279577;1,164769;2,225177;0,0564079;39,67528;4,775767;1,67395;3,603003;4,95E+00;4,50E+01;1,95E+01;1,02E+00;0,00E+00;2,93E-02;7,73E-01;0,2802748;0,3893592;0,5005808;0,00775266;0,01548733;0,03366292;1,003794;0,7288614;183,1503;14;0,2621075
;Bioindicateur.2;;B10-Th-TR-2;;6,53;126;205;669;12,6;20,5;66,9;12,512;1,268;9,9;21,64576;8,22;196,8;8,38;0,123;546;4,37;443,6088;0,02901679;26,10333;0,95;1,047;23,87648;0,5687232;1,76E+10;4,15E+08;0,3680994;0,8665563;1,703377;0,08318706;31,64917;5,525384;0,9493763;3,940656;4,30E+00;4,31E+01;1,80E+01;7,44E-01;0,00E+00;2,03E-02;6,53E-01;0,3018781;0,3382368;0,4763677;0,01523997;0,03199203;0,03238516;1,096982;0,9440374;166,429;15;0,2282025
;Bioindicateur.2;;B10-Th-TR-3;;5,83;115;200;685;11,5;20;68,5;12,475;1,174;10,6;21,58175;8,17;230,9;7,82;0,132;589;4,73;544,838;0,0330365;31,09568;0,968;0,992;19,8875;0,617433;1,62E+10;4,48E+08;0,3955082;1,02219;1,64373;0,02380492;34,41523;4,141832;1,061626;3,283289;4,76E+00;3,69E+01;1,91E+01;6,91E-01;1,19E+00;2,70E-02;6,16E-01;0,2941789;0,3289325;0,4485033;0,01616195;0,03603531;0,03299309;1,045904;1,07164;142,2237;13;0,2367025
;Bioindicateur.2;;B10-Th-TR-4;;10,17;182;290;528;18,2;29;52,8;16,587;1,619;10,2;28,69551;8,18;202,1;11,85;0,119;663;4;550,7202;0,02966603;28,86017;1,114;1,401;19,97586;0,695471;2,26E+10;5,85E+08;0,5219964;1,329694;1,957018;0,3482171;39,16323;5,187588;1,486995;4,576277;4,62E+00;3,88E+01;2,12E+01;3,26E-01;9,67E-01;9,11E-03;4,27E-01;0,2952687;0,3427585;0,4455677;0,02241493;0,05030645;0,0330198;0,9789233;0,9899042;98,3832;14;0,2365466
;Bioindicateur.2;;B10-Th-LA-1;;7,11;126;219;655;12,6;21,9;65,5;13,35;1,234;10,8;23,0955;8,23;192,4;8,98;0,144;474;3,55;383,1744;0,02887088;21,89113;0,971;0,972;19,52188;0,289852;1,55E+10;2,12E+08;0,4011866;1,259548;2,167633;0,1298111;32,7696;2,98508;0,9606085;3,894244;3,99E+00;3,34E+01;1,64E+01;7,16E-01;0,00E+00;0,00E+00;5,65E-01;0,3153919;0,3430764;0,4828334;0,01179856;0,02443609;0,03572884;0,9780819;0,9414512;118,7682;12;0,267586
;Bioindicateur.2;;B10-Th-LA-2;;5,97;124;201;675;12,4;20,1;67,5;11,105;1,096;10,1;19,21165;8,24;194;7,93;0,124;396;3,57;313,4032;0,02826508;18,3951;0,585;0,659;17,79598;0,4031632;1,02E+10;2,54E+08;0,2473117;1,071678;1,841486;0,1076967;28,0692;2,333765;0,8330328;3,264892;2,72E+00;3,53E+01;1,51E+01;4,10E-01;2,52E-01;2,20E-04;4,75E-01;0,3217736;0,3098316;0,4466782;0,008699755;0,01947656;0,03613456;0,9345678;1,154316;89,36082;13;0,2323011
;Bioindicateur.2;;B10-Th-LA-3;;7,07;133;229;638;13,3;22,9;63,8;13,873;1,181;11,7;24,00029;8,21;203,1;8,83;0,122;466;3,36;386,5363;0,02962418;19,43775;0,994;0,72;21,00584;0,624724;1,61E+10;4,24E+08;0,2841636;1,119941;2,412569;0,09084949;29,43433;2,886691;0,9559575;3,757314;3,09E+00;2,87E+01;1,66E+01;1,19E+00;8,95E-01;6,75E-04;5,68E-01;0,3170735;0,3223312;0,4437626;0,008894749;0,02004394;0,03742699;0,9303354;1,127927;80,77796;14;0,267957
;Bioindicateur.2;;B10-Th-LA-4;;8,15;160;248;592;16;24,8;59,2;14,217;1,342;10,6;24,59541;8,23;198,8;10,37;0,119;423;2,98;365,7796;0,03088311;18,79592;0,984;1,185;23,1758;0,5845845;1,11E+10;2,41E+08;0,4712346;1,184111;2,231573;0,108044;31,97948;2,784902;0,8806005;2,682838;2,77E+00;3,07E+01;1,83E+01;1,10E+00;4,49E-01;5,23E-05;4,11E-01;0,3179258;0,3170319;0,429882;0,01281908;0,02982;0,03767361;0,9944157;1,13708;73,59859;15;0,2975376
;Bioindicateur.2;;B10-Th-LT-1;;6,01;94;162;744;9,4;16,2;74,4;10,383;0,88;11,8;17,96259;8,28;196,9;5,17;0,144;342;3,3;284,5038;0,02971009;16,16757;0,715;0,664;24,81479;0,2993424;1,64E+10;2,25E+08;0,3458749;0,9007405;1,275125;0,0437429;27,21748;3,569999;0,6046965;3,756381;2,37E+00;2,86E+01;1,47E+01;0,00E+00;8,29E-01;3,74E-02;5,39E-01;0,2976784;0,2842886;0,3736513;0,008191903;0,02192393;0,05654205;0,9657373;1,684138;55,09724;8;0,2051935
;Bioindicateur.2;;B10-Th-LT-2;;4,85;92;154;754;9,2;15,4;75,4;11,443;0,953;12;19,79639;8,3;211,2;6,33;0,132;360;3,15;311,3943;0,0308923;19,32667;0,869;0,823;21,20921;0,3126575;1,67E+10;2,68E+08;0,4825185;0,8695722;1,097184;0,04332612;22,93354;3,765322;0,3429573;3,825794;1,17E+00;3,11E+01;1,35E+01;1,64E+00;7,31E-01;1,92E-02;7,41E-01;0,3198443;0,2583785;0,3758081;0,006638918;0,01766571;0,05223854;1,042333;2,023804;62,33869;14;0,2557796
;Bioindicateur.2;;B10-Th-LT-3;;6,11;106;199;695;10,6;19,9;69,5;11,424;0,939;12,2;19,76352;8,28;215,9;6,85;0,121;403;3,53;354,4924;0,03141549;19,446;0,815;0,907;20,4095;0,3349889;1,49E+10;2,60E+08;0,3569529;0,9031461;1,226879;0,0549886;23,6633;5,89346;0,8951696;3,898247;2,46E+00;3,21E+01;1,35E+01;9,29E-01;7,29E-01;1,63E-02;6,99E-01;0,3194931;0,3091042;0,4340585;0,009125124;0,02102279;0,03546507;0,9828552;1,210049;88,27094;12;0,2220054
;Bioindicateur.2;;B10-Th-LT-4 ;;8,61;183;338;479;18,3;33,8;47,9;21,17;1,346;15,7;36,6241;8,23;150,1;11,44;0,099;449;2,12;388,437;0,030897;18,51224;1,035;1,083;17,3687;0,00182913;1,39E+10;2,45E+08;0,4843583;1,109028;1,684765;0,1666155;28,14595;8,05322;1,130758;3,448643;1,92E+00;2,75E+01;1,97E+01;4,48E-01;0,00E+00;0,00E+00;2,99E-01;0,3109954;0,3166067;0,3981085;0,007730219;0,01941737;0,03740673;1,148126;1,274601;71,61219;12;0,2468387
;Bioindicateur.2;;B10-Yv-PP-1;;14,23;164;635;201;16,4;63,5;20,1;25,75782;2,475909;10,40337912;44,5610286;5,49;<1;8,33;0,142;930;3,61;844,1909;0,032419;50,8674;2,922;1,115;30,56104;0,8221914;1,99E+10;2,48E+06;0,9024407;7,310974;4,926041;0,3225374;86,751;8,397935;2,895355;4,054278;1,01E+01;4,23E+01;3,51E+00;1,80E+00;5,64E+00;6,34E-02;3,24E+00;0,3016371;0,3617363;0,4934056;0,02563223;0,05194962;0,04772286;1,026934;0,8819056;635,5764;8;0,1427222
;Bioindicateur.2;;B10-Yv-PP-2;;13,28;157;632;211;15,7;63,2;21,1;26,86066;2,544139;10,55785867;46,4689418;5,46;<1;7,85;0,139;1095;4,08;836,9202;0,02729681;53,03472;1,631;1,287;49,65942;0,9889545;2,69E+10;1,40E+07;1,049634;7,52779;4,274568;0,2084649;81,35394;9,701586;3,113395;4,252144;8,90E+00;4,32E+01;3,16E+00;1,87E+00;5,22E+00;9,78E-02;3,29E+00;0,2889614;0,3622276;0,4803136;0,03704436;0,07712537;0,04755017;1,054809;0,8595068;782,0361;8;0,1154731
;Bioindicateur.2;;B10-Yv-PP-3;;14,27;170;627;203;17;62,7;20,3;24,51056;2,395694;10,23108961;42,4032688;5,38;<1;8,27;0,095;1024;4,18;842,328;0,02937807;55,3651;1,664;1,604;40,67118;1,253678;2,36E+10;1,55E+06;0,9769621;7,276076;4,749763;0,1767096;84,85913;6,507774;2,48074;4,087225;1,06E+01;4,42E+01;5,22E+00;2,32E+00;6,84E+00;7,71E-02;2,72E+00;0,2866568;0,36452;0,4827987;0,03044413;0,06305761;0,04942412;1,068673;0,7960153;769,0083;6;0,1412097
;Bioindicateur.2;;B10-Yv-PP-4;;13,53;162;638;200;16,2;63,8;20;25,84689;2,423944;10,66315476;44,7151197;5,5;<1;7,85;0,155;903;3,49;733,321;0,02900336;47,76759;2,117;1,097;39,10393;1,106106;3,56E+10;4,67E+06;0,8714328;6,96597;4,659111;0,08460202;64,77306;7,519905;2,78969;3,377526;9,05E+00;4,12E+01;5,33E+00;1,86E+00;5,44E+00;8,91E-02;2,77E+00;0,290746;0,3712282;0,4915273;0,03234368;0,0658024;0,05117379;1,033218;0,8171183;681,5927;5;0,06969892
;Bioindicateur.2;;B10-Yv-SI-1;;10,33;147;667;186;14,7;66,7;18,6;10,73231;1,091832;9,829634962;18,5668963;5,62;<1;5,84;0,089;234;2,18;243,8824;0,03722259;16,9624;0,888;0,843;16,2069;0,8426495;5,60E+09;1,88E+05;0,8665045;2,647759;1,964542;0,04529786;25,01647;4,487741;1,904988;1,277397;2,84E+00;0,00E+00;2,66E+00;8,39E-01;1,81E+00;8,72E-03;1,62E+00;0,2804891;0,2786119;0,395462;0,0573479;0,1450149;0,04448963;1,090406;1,21592;181,0614;5;0,08133333
;Bioindicateur.2;;B10-Yv-SI-2;;10,93;141;665;194;14,1;66,5;19,4;10,97511;1,130526;9,707967796;18,9869403;5,56;<1;5,7;0,089;247;2,25;280,3109;0,04053078;18,16668;1,279;0,849;17,87708;1,228975;2,39E+10;9,53E+04;0,8659599;2,749286;1,857601;0,06384659;28,39592;5,184529;1,542697;1,270572;3,17E+00;1,44E+01;2,60E+00;4,85E-01;1,69E+00;1,88E-02;1,54E+00;0,2924333;0,2577953;0,3843131;0,05045108;0,131276;0,04890922;1,085985;1,434363;190,0841;6;0,08808602
;Bioindicateur.2;;B10-Yv-SI-3;;10,26;139;663;198;13,9;66,3;19,8;11,19741;1,155773;9,68824328;19,3715193;5,5;<1;5,16;0,093;257;2,3;272,2325;0,03783109;17,05114;0,756;0,703;17,00318;0,8112493;1,64E+10;3,75E+05;1,175074;2,584266;1,966875;0,04369094;27,13823;5,663297;1,630442;1,269393;3,35E+00;1,30E+01;3,14E+00;1,04E+00;2,60E+00;1,93E-02;1,55E+00;0,2880932;0,2769053;0,4008547;0,05410125;0,1349647;0,04684139;1,075443;1,245713;183,3684;2;0,06472581
;Bioindicateur.2;;B10-Yv-SI-4;;10,59;136;666;198;13,6;66,6;19,8;11,54113;1,170938;9,856311777;19,9661549;5,6;<1;5,12;0,103;264;2,29;276,4344;0,03739642;19,0658;1,039;0,699;20,35638;0,9237469;1,36E+10;1,40E+06;0,9980065;2,822329;2,472428;0,01858116;22,79358;7,883694;1,626636;1,447557;4,08E+00;1,56E+01;2,18E+00;7,20E-01;2,00E+00;1,03E-02;1,53E+00;0,2857942;0,2753767;0,3970299;0,05426419;0,1366753;0,04684139;1,06096;1,261743;182,532;3;0,04252688
;Bioindicateur.2;;B10-Yv-SII-1;;9,64;128;666;206;12,8;66,6;20,6;14,33236;1,387867;10,32689732;24,7949828;6,05;<1;6,52;0,12;349;2,43;322,6452;0,03301731;20,06891;0,927;0,885;20,51077;0,6506125;1,63E+10;5,21E+05;0,8630019;3,437149;2,136366;0,03198622;33,78905;1,604682;1,3344;1,678726;7,46E+00;2,01E+01;7,46E+00;9,38E-01;2,52E+00;1,20E-02;2,41E+00;0,2805856;0,2851495;0,3935256;0,05303442;0,1347674;0,03935853;0,9533822;1,09969;241,2722;8;0,1299839
;Bioindicateur.2;;B10-Yv-SII-2;;9,69;127;664;209;12,7;66,4;20,9;13,97718;1,393754;10,02844117;24,1805214;6,01;<1;6,85;0,133;342;2,45;288,7506;0,03015357;17,29201;1,24;1,082;22,88151;0,7469062;2,27E+10;4,16E+06;1,002636;3,125078;1,914165;0,007954892;33,3103;4,02369;1,275316;1,572318;7,75E+00;1,98E+01;8,39E+00;7,53E-01;2,66E+00;1,25E-02;2,22E+00;0,298223;0,2858683;0,4115234;0,04863727;0,1181884;0,03863187;1,113073;1,111887;233,6573;8;0,1267796
;Bioindicateur.2;;B10-Yv-SII-3;;9,65;128;663;209;12,8;66,3;20,9;14,38801;1,4229;10,11175065;24,8912573;5,97;<1;7,23;0,132;356;2,48;365,4069;0,03665799;21,53383;1,241;0,951;27,21237;1,455977;2,52E+10;4,72E+06;0,8153048;3,143886;2,010126;0,05868785;33,80497;3,31431;1,279258;1,634727;8,25E+00;1,98E+01;8,38E+00;1,08E+00;2,65E+00;1,53E-02;3,36E+00;0,2712376;0,2939988;0,4017614;0,04945818;0,1231033;0,04123237;0,8668559;1,052711;264,2594;5;0,09163979
;Bioindicateur.2;;B10-Yv-SII-4;;9,26;120;665;215;12;66,5;21,5;14,48578;1,429066;10,13653673;25,0603994;6,14;<1;7,08;0,129;347;2,4;332,4576;0,03421754;19,78001;1,427;0,083;26,02598;1,268709;1,99E+10;1,46E+07;0,7727898;3,56327;2,726939;0,07198475;37,63562;1,35392;1,94406;1,762953;8,43E+00;2,37E+01;7,36E+00;9,90E-01;2,99E+00;1,56E-02;2,23E+00;0,2853422;0,2985431;0,4157696;0,05082867;0,122252;0,03908749;1,014652;1,041939;298,4567;5;0,0879086
;Bioindicateur.2;;B10-Yv-SIII-1;;10,46;136;654;210;13,6;65,4;21;14,59713;1,504232;9,704041664;25,2530349;6,31;<1;7,75;0,152;367;2,52;328,2477;0,03194313;16,59627;0,876;0,533;21,58755;0,3973427;2,13E+10;4,44E+06;0,4777955;2,806967;1,535857;0,05662772;34,21672;2,192261;0,911425;1,564562;6,89E+00;1,87E+01;4,90E+00;9,17E-01;2,84E+00;3,10E-02;1,76E+00;0,2663002;0,2778222;0,3678789;0,01923588;0,0522886;0,06197437;0,8848079;1,362976;74,08417;5;0,1108817
;Bioindicateur.2;;B10-Yv-SIII-2;;10,74;146;662;192;14,6;66,2;19,2;13,82668;1,441176;9,59402599;23,9201564;6,18;<1;7,73;0,164;345;2,49;283,2378;0,02932068;6,169917;0,818;0,494;20,61219;0,1991427;1,99E+10;8,75E+06;0,4920263;2,58057;1,342208;0,0597837;26,22375;0,8927178;0,9735016;1,558277;5,71E+00;1,72E+01;3,88E+00;9,35E-01;1,79E+00;1,94E-02;3,32E-02;0,2714325;0,2654825;0,3556575;0,01625183;0,04569517;0,07536293;0,9077801;1,591171;81,80431;7;0,1215
;Bioindicateur.2;;B10-Yv-SIII-3;;10,1;138;656;206;13,8;65,6;20,6;13,30542;1,358131;9,796860538;23,0183766;6,48;<1;7,83;0,141;334;2,51;289,1829;0,03092204;17,00935;0,732;0,449;24,9553;0,3210795;2,30E+10;1,06E+07;0,5248023;2,738961;1,435925;0;28,04256;1,062366;1,264423;1,336814;5,85E+00;1,68E+01;2,35E+00;5,77E-01;1,95E+00;9,26E-03;1,64E+00;0,2621508;0,3169989;0,4160077;0,01964353;0,04721914;0,05224898;0,979713;1,052844;112,078;7;0,1241801
;Bioindicateur.2;;B10-Yv-SIII-4;;10,5;145;652;203;14,5;65,2;20,3;13,8408;1,471371;9,406736982;23,944584;6,09;<1;7,71;0,153;311;2,25;261,4288;0,03002168;-10,95807;0,852;0,459;21,20381;0,4016215;1,94E+10;3,40E+05;1,311918;2,677795;1,611417;0,03711672;31,56328;1,510709;1,096638;1,489355;5,32E+00;1,82E+01;2,95E+00;8,06E-01;1,32E+00;1,99E-02;1,76E+00;0,2583637;0,3453886;0,4452106;0,02001733;0,04496147;0,0545123;0,9999645;0,8690519;142,6555;5;0,1079973
;Bioindicateur.2;;B10-Yv-SIV-1;;11,15;148;645;207;14,8;64,5;12,10880374;19,23415;1,863154;10,32343542;33,2750795;5,49;<1;7,57;0,202;580;3,02;556,2241;0,03425025;46,61466;2,11;1,203;28,48841;1,460141;2,97E+10;1,09E+07;1,394227;5,74201;3,726983;0,09622925;57,3362;6,135904;1,552059;1,909555;1,33E+01;3,22E+01;4,32E+00;1,88E+00;4,78E+00;4,37E-02;2,81E+00;0,2725798;0,3011083;0,3945424;0,03981435;0,1009127;0,04435513;1,003755;1,066178;160,6307;8;0,2540126
;Bioindicateur.2;;B10-Yv-SIV-2;;11,35;150;650;200;15;65;11,66180758;18,74112;1,820669;10,29353496;32,4221376;5,49;<1;7,21;0,18;631;3,37;568,4045;0,03217141;49,91142;3,511;0,969;28,61975;1,477416;2,22E+10;1,19E+07;1,391048;5,493303;3,148435;0,0810816;56,69393;3,110033;1,782446;1,710502;1,15E+01;2,74E+01;4,39E+00;2,01E+00;4,29E+00;3,45E-02;1,88E+00;0,2758883;0,3348322;0,4449171;0,04536643;0,101966;0,04316343;1,023028;0,8638667;334,9237;5;0,1031075
;Bioindicateur.2;;B10-Yv-SIV-3;;12,18;149;654;197;14,9;65,4;11,45748517;17,42295;1,720048;10,12933941;30,1417035;5,53;1,4;7,1;0,156;482;2,77;467,3177;0,03462639;35,26479;3,404;0,996;28,53173;0,9050415;2,57E+10;5,13E+06;1,298511;5,016591;3,069136;0,01695114;49,99538;3,223635;1,919832;1,638365;1,12E+01;3,05E+01;5,46E+00;1,71E+00;4,01E+00;3,60E-02;1,91E+00;0,262315;0,2960822;0,3915883;0,047262;0,1206931;0,0462931;0,9909891;1,132046;224,9671;8;0,2280161
;Bioindicateur.2;;B10-Yv-SIV-4;;12,26;141;655;204;14,1;65,5;11,85701831;19,00051;1,846418;10,29047052;32,8708823;5,51;<1;7,29;0,226;588;3,09;581,3302;0,03530917;44,6947;3,467;1,075;23,82091;0,9102592;2,90E+10;9,83E+06;1,493781;5,682738;3,737062;0,1072336;54,82878;1,653478;1,614897;2,355252;1,24E+01;3,23E+01;6,81E+00;1,41E+00;3,71E+00;5,25E-02;1,87E+00;0,2645636;0,3363732;0,433557;0,04852588;0,111925;0,0443414;1,162337;0,863027;328,8154;5;0,07894624
;Bioindicateur.2;;B10-Yv-GC-1;;9,42;139;673;188;13,9;67,3;18,8;10,92878;1,125658;9,708792546;18,9067894;6,41;1,2;7,43;0,224;215;1,97;173,5999;0,02883719;11,45016;0,597;0,548;21,36601;0,353209;2,05E+10;2,90E+07;0,4729726;1,964358;1,589329;0;21,2918;3,194242;0,6812843;2,119624;5,29E+00;1,10E+01;6,48E+00;7,86E-01;1,79E+00;0,00E+00;1,00E+00;0,3226433;0,255283;0,3759761;0,03137491;0,08344923;0,05043144;1,196131;1,509979;143,5246;6;0,1035376
;Bioindicateur.2;;B10-Yv-GC-2;;9,41;132;666;202;13,2;66,6;20,2;10,88688;1,110652;9,802242287;18,8343024;6,43;<1;7,06;0,222;255;2,34;178,5982;0,02501375;13,6148;0,433;0,517;22,12339;0,4281395;1,74E+10;3,66E+07;0,3485228;2,027213;1,27174;0,01183958;21,03915;3,300366;0,6984845;2,245727;6,30E+00;1,20E+01;6,39E+00;5,86E-01;1,09E+00;2,55E-03;9,04E-01;0,2911232;0,257885;0,3767938;0,03432491;0,09109732;0,05172201;1,217667;1,40488;175,5975;5;0,08914516
;Bioindicateur.2;;B10-Yv-GC-3;;9,56;130;670;200;13;67;20;10,18519;1,025302;9,933843882;17,6203787;6,49;<1;6,98;0,177;228;2,24;162,1355;0,02539717;12,26798;0,953;0,458;18,77087;0,2972564;1,29E+10;3,21E+07;0,5744069;1,853414;1,239552;0;20,76836;2,40834;1,012941;1,691391;5,04E+00;1,01E+01;5,44E+00;6,32E-01;1,20E+00;0,00E+00;9,53E-01;0,3153237;0,2484907;0,3818533;0,03499999;0,09165821;0,04631539;0,9095946;1,461105;110,6112;4;0,07792473
;Bioindicateur.2;;B10-Yv-GC-4;;9,02;132;675;193;13,2;67,5;19,3;10,67315;1,076041;9,918906436;18,4645495;6,39;<1;6,69;0,186;239;2,24;163,9206;0,02449501;14,31117;0,615;0,504;15,25417;0,1411781;1,99E+10;1,95E+07;0,6965515;1,485753;1,299331;0;21,6083;2,001755;0,5608935;2,116052;4,82E+00;1,02E+01;6,28E+00;5,95E-01;1,33E+00;1,08E-02;1,44E+00;0,3098421;0,2685075;0,3890647;0,04472933;0,1149663;0,04572192;0,9938492;1,341082;135,5935;5;0,07773118
;Bioindicateur.2;;B10-F76-1;;17,56;55;341;604;5,5;34,1;60,4;105,1777;3,263504;32,22845751;181,957421;3,71;<1;7,76;0,023;461;0,44;1340,622;0,1038598;39,41071;35,124;5,563;7,213757;1,832277;4,99E+09;3,21E+06;0,4998849;1,007293;6,224701;0;16,83879;1,176675;1,296499;0,6962103;2,57E+00;8,25E+01;3,85E+01;2,11E+02;1,04E+02;2,71E-01;5,22E-01;0,2313634;0,1576394;0,2109474;0,04014449;0,1903057;0,04540694;1,128877;3,038646;81,5937;0;0,003543011
;Bioindicateur.2;;B10-F76-2;;17,86;49;349;602;4,9;34,9;60,2;112,4625;3,079174;36,52359367;194,560125;3,76;<1;7,33;0,022;486;0,43;1078,321;0,07924168;34,17266;30,614;4,522;6,146256;2,014183;3,57E+09;6,07E+06;0,4686776;1,206798;5,333662;0;16,96144;2,724268;1,148169;0,5061876;0,00E+00;8,98E+01;3,25E+01;2,80E+02;0,00E+00;2,25E-01;6,01E-01;0,2203484;0,1714713;0,2269241;0,04226335;0,1862445;0,04052085;1,273424;2,501671;72,96535;0;6,45161E-05
;Bioindicateur.2;;B10-F76-3;;24,04;105;362;533;10,5;36,2;53,3;99,0345;3,01477;32,84976963;171,329685;3,78;<1;6,86;0,023;424;0,43;1102,69;0,09288161;31,09394;27,713;4,419;8,224012;1,894972;3,82E+09;1,03E+07;0,4637769;1,021847;3,572711;0,06094934;18,31385;0,6499805;1,604442;0,926447;4,45E+00;8,38E+01;2,06E+01;2,80E+02;7,68E+01;2,01E-01;9,02E-01;0,1977531;0,2068124;0,2532653;0,04771757;0,1884094;0,04017678;1,639438;1,927647;76,73833;0;0
;Bioindicateur.2;;B10-F76-4;;26,04;101;372;527;10,1;37,2;52,7;103,2796;3,069541;33,64659407;178,673708;3,8;<1;6,75;0,019;432;0,42;1128,858;0,09332491;38,49392;45,435;5,079;8,276802;2,554545;4,58E+09;9,76E+06;0,5117499;0,5170591;5,226063;0,07493646;16,13637;9,091594;1,166375;0,7319396;5,70E+00;1,04E+02;2,00E+01;3,04E+02;3,03E+01;1,67E-01;1,20E+00;0,2194758;0,2159817;0,2698335;0,06191183;0,2294446;0,03523761;1,514723;1,784316;91,08974;0;0,01315591
;Bioindicateur.2;;B10-Go-BS-1;;9,2;140;296;564;14;29,6;56,4;10,03757;0,9164484;10,9526843;17,3649961;7,1;<1;6,11;0,079;385;3,84;371,4395;0,03445635;11,8128;3,567;2,593;11,52832;0,2890041;6,56E+09;2,41E+07;0,5516024;1,179592;3,666964;0,1345283;35,4832;3,607966;1,341983;4,189091;1,28E+01;7,20E-01;5,45E+00;1,69E+00;2,47E+00;7,66E-02;9,88E+01;0,2946533;0,2750936;0,3817758;0,06028598;0,1579094;0,05513813;1,160498;1,414119;221,4622;14;0,2322921
;Bioindicateur.2;;B10-Go-BS-2;;9,72;148;288;564;14,8;28,8;56,4;10,40064;0,9304426;11,17816403;17,9931072;7,09;<1;6,54;0,095;383;3,68;410,3281;0,0382626;6,372809;3,387;2,549;13,01863;0,4855126;2,35E+10;-1,00E+00;0,4829796;1,058763;3,709923;0,0863276;36,72552;2,29621;1,524822;5,366253;1,06E+01;3,70E-01;4,94E+00;1,28E+00;2,19E+00;6,04E-02;9,98E+01;0,2770206;0,2955948;0,3985948;0,06845087;0,1717304;0,03482735;1,078164;1,155564;230,8464;14;0,2584462
;Bioindicateur.2;;B10-Go-BS-3;;10,46;168;308;524;16,8;30,8;52,4;10,84843;0,9754863;11,12104804;18,7677839;7,06;<1;7,32;0,104;498;4,59;384,5368;0,02757723;7,553717;4,27;3,277;11,44927;0,4960281;9,73E+08;1,63E+07;0,6431262;1,520997;3,652493;0,1022851;38,46469;1,43174;2,050708;5,537496;1,51E+01;4,62E-01;5,59E+00;1,87E+00;2,47E+00;8,66E-02;8,27E+01;0,2730277;0,3023238;0,4076403;0,07786631;0,1910172;0,03409998;0,9761115;1,043449;241,5229;11;0,1830538
;Bioindicateur.2;;B10-Go-BS-4;;10,68;174;279;547;17,4;27,9;54,7;11,71914;1,075133;10,900177;20,2741122;7,32;<1;8,05;0,099;485;4,14;436,4917;0,03214225;8,753484;5,012;3,642;9,787243;0,3489534;6,20E+09;2,08E+07;0,7093255;1,368178;3,56152;0,2248459;38,29413;2,071017;1,653408;7,095164;1,86E+01;0,00E+00;8,66E+00;8,44E-01;3,45E+00;9,33E-02;8,47E+01;0,2775095;0,2966206;0,4006135;0,06819233;0,1702198;0,03820257;1,076233;1,154554;231,7216;15;0,290871
;Bioindicateur.2;;B10-Go-BA-1;;12,83;202;264;534;20,2;26,4;53,4;14,21867;1,310749;10,8477443;24,5982991;7,09;<1;9,87;0,073;498;3,5;367,6447;0,02636579;12,06554;6,13;4,445;14,383;0,5957307;2,75E+10;1,07E+06;0,6679391;1,656391;4,412088;0,2533022;43,48402;3,19095;2,394228;10,88138;1,97E+01;0,00E+00;1,32E+01;3,20E+00;3,07E+00;6,22E-02;5,42E+01;0,2616271;0,2872297;0,2877001;0,05033978;0,1749731;0,06053376;1,20631;1,493422;102,7876;12;0,1990538
;Bioindicateur.2;;B10-Go-BA-2;;14,15;206;263;531;20,6;26,3;53,1;13,67728;1,259655;10,85795714;23,6616944;7,33;<1;10,06;0,064;545;3,99;431,5331;0,02827871;8,539745;5,424;3,807;12,38934;0,3501551;1,01E+10;2,43E+07;0,6711093;1,59286;4,166997;0,3134867;46,73099;0;2,249962;11,08372;1,48E+01;0,00E+00;1,38E+01;2,27E+00;3,59E+00;8,71E-02;5,15E+01;0,2674139;0,2427964;0,2766227;0,06288643;0,2273364;0,05024155;1,058775;1,763287;101,5114;10;0,1948692
;Bioindicateur.2;;B10-Go-BA-3;;13,46;206;259;535;20,6;25,9;53,5;11,02061;1,103986;9,982563185;19,0656553;7,08;<1;8,91;0,06;454;4,12;334,6842;0,02632821;8,142806;6,343;3,926;11,19124;0,4080837;1,26E+10;1,36E+06;0,7286286;2,013218;3,856129;0,2386595;39,61758;1,78615;2,600306;11,76813;1,62E+01;7,74E-01;1,10E+01;1,42E+00;3,33E+00;7,81E-02;5,15E+01;0,3087387;0,2337869;0,2685746;0,04072971;0,1516514;0,05414587;1,026292;2,047827;104,1367;7;0,1645215
;Bioindicateur.2;;B10-Go-BA-4;;12,37;195;261;544;19,5;26,1;54,4;10,96726;1,0345;10,60150797;18,9733598;7,16;<1;8,76;0,068;416;3,79;317,8697;0,02728964;7,888864;4,651;3,54;11,22996;0,3446608;1,12E+10;1,57E+07;0,6107134;1,301498;3,347733;0,2202278;37,6195;1,3782;2,049988;8,570234;1,21E+01;1,06E+00;9,75E+00;1,86E+00;0,00E+00;8,01E-02;5,11E+01;0,2745424;0,2443522;0,2772385;0,05161836;0,1861876;0,05196222;1,048655;1,837139;100,2415;11;0,272043
;Bioindicateur.2;;B10-Go-ES-1;;12,06;196;294;510;19,6;29,4;51;13,83848;1,296884;10,67056113;23,9405704;7,07;<1;8,57;0,14;547;3,95;384,4597;0,02510183;16,64604;3,942;3,159;14,76163;0,3645548;1,39E+09;1,74E+06;0,7846742;1,83828;4,215857;0,1812896;43,63932;1,554439;4,061769;4,927998;2,39E+01;1,45E+00;1,30E+01;1,80E+00;3,66E+00;6,69E-02;7,99E+01;0,2576868;0,320511;0,413126;0,06973155;0,16879;0,04121566;0,9664381;0,9226677;150,0267;18;0,341233
;Bioindicateur.2;;B10-Go-ES-2;;11,83;187;310;503;18,7;31;50,3;12,67547;1,179609;10,74548431;21,9285631;7,24;<1;8,55;0,137;528;4,16;421,7579;0,028528;9,077115;3,178;2,277;12,28155;0,3010418;7,32E+09;5,00E+07;0,7744914;1,574309;3,688379;0,2550428;42,65461;2,536873;3,036032;5,006932;1,24E+01;1,52E+00;1,10E+01;1,32E+00;2,33E+00;4,18E-02;7,34E+01;0,2558613;0,3392013;0,4377692;0,07998934;0,1827203;0,03041786;0,9775998;0,7657732;446,2477;16;0,2775591
;Bioindicateur.2;;B10-Go-ES-3;;9,03;180;291;529;18;29,1;52,9;11,82567;1,103934;10,71229802;20,4584091;7,32;<1;8,06;0,129;503;4,26;374,0042;0,02655526;12,2231;2,952;2,277;12,8932;0,288854;1,09E+09;2,27E+06;0,7680184;1,514702;3,658141;0,2071019;40,94298;2,046361;3,747424;5,128631;1,22E+01;5,82E-01;1,01E+01;1,02E+00;2,05E+00;5,10E-02;1,10E+02;0,3005463;0,2793575;0,3615219;0,07262162;0,2008775;0,03027596;1,283228;1,367009;534,6274;14;0,2650269
;Bioindicateur.2;;B10-Go-ES-4;;9,44;173;272;555;17,3;27,2;55,5;14,93709;1,330199;11,22921458;25,8411657;7,36;<1;8,83;0,146;645;4,32;548,1817;0,03035336;11,95805;5,127;3,189;16,40914;0,3903381;9,44E+09;1,70E+07;0,9048299;1,256148;3,554078;0,1493585;38,89365;1,848282;2,264277;5,134454;1,92E+01;1,40E+00;1,32E+01;1,55E+00;2,89E+00;8,29E-02;7,35E+01;0,2589059;0,3177641;0,4032861;0,06916556;0,1715049;0,03663806;1,01527;0,9735849;239,523;12;0,2220842
;Bioindicateur.2;;B10-Go-EA-1;;11,73;195;285;520;19,5;28,5;52;14,1527;1,3481;10,49825681;24,484171;7,47;1,3;9,67;0,09;600;4,24;502,2009;0,02989291;9,077515;5,885;3,867;17,68997;0,3094859;1,35E+10;3,22E+07;0,6623859;1,719794;3,997579;0,2908138;38,17053;2,699684;3,668435;5,667342;1,80E+01;9,63E-01;1,04E+01;1,67E+00;2,37E+00;5,61E-02;5,70E+01;0,2673071;0,3337062;0,4391691;0,06485335;0,1476728;0,03316939;1,013539;0,8551334;356,0484;13;0,2587581
;Bioindicateur.2;;B10-Go-EA-2;;11,32;186;285;529;18,6;28,5;52,9;15,38835;1,408669;10,92403538;26,6218455;7,31;<1;9,77;0,089;646;4,2;553,5949;0,03060564;14,719;5,801;4,615;17,86377;0,9836732;2,05E+10;2,31E+06;0,9254276;1,733065;4,101413;0,3383704;41,87645;2,047996;2,419091;6,045504;1,70E+01;6,01E-01;1,38E+01;1,51E+00;3,96E+00;8,72E-02;1,09E+00;0,2728238;0,2989045;0,4011323;0,06738105;0,1679771;0,03315173;1,039487;1,03631;301,2144;15;0,2955645
;Bioindicateur.2;;B10-Go-EA-3;;11,03;180;293;527;18;29,3;52,7;13,23011;1,246261;10,61584211;22,8880903;7,3;<1;8,47;0,084;539;4,08;466,5517;0,03091384;9,675347;4,395;3,659;15,72439;0,5359854;1,12E+10;5,16E+07;0,6817522;1,497167;4,180205;0,2095928;39,17986;2,773005;4,183418;6,323947;1,69E+01;4,08E-01;8,66E+00;1,69E+00;2,99E+00;8,19E-02;5,32E+01;0,2743719;0,2977718;0,4101119;0,06717662;0,1638007;0,03244098;0,96789;1,115334;202,6578;15;0,283914
;Bioindicateur.2;;B10-Go-EA-4;;11,26;185;285;530;18,5;28,5;53;14,60301;1,320275;11,06058208;25,2632073;7,38;<1;9,11;0,076;608;4,16;542,187;0,03184839;8,291924;5,274;3,4;17,38827;0,4458186;1,14E+10;4,06E+07;0,6620806;1,479395;3,489155;0,2384288;39,00224;3,424235;3,581908;6,037075;1,97E+01;4,55E-01;8,19E+00;1,67E+00;2,75E+00;8,69E-02;5,69E+01;0,2882122;0,2511118;0,3591057;0,07156543;0,1992879;0,03315173;1,039487;1,327522;285,1318;7;0,1438297
;Bioindicateur.2;;B10-Go-RS-1;;10,98;158;298;544;15,8;29,8;54,4;14,38523;1,355954;10,60893659;24,8864479;7,34;<1;8,53;0,098;597;4,15;629,3315;0,03764845;19,27787;4,675;3,455;17,58084;0,4894889;5,12E+09;7,44E+06;0,6332408;1,797642;3,888078;0,1807025;34,26119;3,987719;2,575473;6,184021;2,09E+01;6,02E-01;1,95E+01;1,52E+00;3,96E+00;4,69E-02;8,96E+01;0,2506635;0,2181975;0,3040628;0,04503756;0,1481193;0,03011929;0,8794744;2,028936;110,3241;15;0,2827043
;Bioindicateur.2;;B10-Go-RS-2;;10,92;164;292;544;16,4;29,2;54,4;16,32268;1,492424;10,93702594;28,2382364;7,38;<1;9,32;0,099;704;4,31;644,9316;0,03271772;25,20132;5,367;3,744;15,81559;0,2915962;9,21E+09;3,11E+07;0,7480205;1,742573;3,301068;0,2561913;36,49888;3,984445;2,658773;5,476187;2,29E+01;1,14E-01;1,95E+01;1,23E+00;3,88E+00;4,37E-02;6,06E+01;0,2539683;0,2930745;0,3819775;0,03584156;0,0938316;0,03321689;1,073706;1,243165;138,7326;15;0,2988817
;Bioindicateur.2;;B10-Go-RS-3;;10,54;164;291;545;16,4;29,1;54,5;14,67735;1,342799;10,93041475;25,3918155;7,43;<1;8,69;0,096;614;4,18;513,2936;0,02985654;16,28477;4,884;3,533;17,20696;0,4062606;6,38E+09;9,30E+07;0,5865619;2,143864;3,468021;0,2650177;42,1047;4,158249;3,935018;5,31971;1,45E+01;3,38E-01;1,58E+01;3,32E-01;3,08E+00;5,00E-02;6,17E+01;0,2603872;0,2856968;0,3266397;0,0477401;0,1461553;0,0355747;0,9485809;1,402167;114,4688;12;0,2322186
;Bioindicateur.2;;B10-Go-RS-4;;9,86;169;307;524;16,9;30,7;52,4;12,69262;1,209153;10,49711658;21,9582326;7,24;<1;8,03;0,095;586;4,62;493,801;0,03009514;14,12298;4,975;3,884;15,73941;0,2923745;1,88E+10;1,35E+07;0,6238359;2,08228;0;0,1440901;37,04374;3,057807;3,228587;5,610302;1,59E+01;7,64E-01;2,15E+01;1,44E+00;3,40E+00;6,43E-02;5,97E+01;0,2415063;0,2662629;0,3155746;0,04239332;0,1343369;0,0355747;0,9485809;1,541691;120,2234;11;0,2612419
;Bioindicateur.2;;B10-Go-RA-1;;9,4;162;299;539;16,2;29,9;53,9;13,73578;1,104835;12,43242656;23,7628994;6,85;<1;6,79;0,063;486;3,53;543,1613;0,03991485;9,562051;4,561;2,935;12,5393;0,4928232;5,91E+09;5,60E+07;0,7021486;1,763866;3,742279;0,2188152;30,58339;0;1,970742;3,629268;9,26E+00;1,02E+00;3,98E+00;8,64E-01;3,04E+00;8,77E-02;3,37E+01;0,2583404;0,3119154;0,4007168;0,0697309;0,1740154;0,0358342;0,998273;1,067303;199,7711;14;0,2841667
;Bioindicateur.2;;B10-Go-RA-2;;9,05;162;298;540;16,2;29,8;54;12,17606;1,017077;11,97162063;21,0645838;6,92;<1;6,8;0,058;494;4,06;582,561;0,04211691;7,675595;4,311;2,965;15,03282;0,7737956;1,45E+10;6,95E+05;0,7354616;1,389252;3,745916;0,199527;30,14969;0;2,552365;5,262094;1,09E+01;6,30E-01;4,69E+00;1,29E+00;3,74E+00;1,03E-01;3,04E+01;0,2653247;0,3108823;0,3993896;0,06948723;0,1739836;0,0358342;0,998273;1,094663;200,4349;12;0,2943817
;Bioindicateur.2;;B10-Go-RA-3;;9,58;159;284;557;15,9;28,4;55,7;13,94633;1,160871;12,01367766;24,1271509;6,86;2,9;7,02;0,057;522;3,74;681,1004;0,04659965;11,54441;4,86;3,396;13,64266;0,3369206;5,82E+09;3,04E+07;0,69817;1,484602;3,451132;0,1407697;32,54362;0,4634984;2,168672;5,512422;1,11E+01;1,14E+00;6,13E+00;1,31E+00;4,09E+00;1,14E-01;3,23E+01;0,248168;0,3216765;0,4084868;0,07838387;0,1918884;0,03436113;1,037011;0,9696544;228,0389;16;0,3127635
;Bioindicateur.2;;B10-Go-RA-4;;10,56;163;297;540;16,3;29,7;54;14,05145;1,230446;11,41980225;24,3090085;7,04;<1;7,58;0,075;500;3,56;533,8117;0,03812941;9,37883;4,738;3,734;13,91759;0,4145331;4,74E+09;4,03E+07;0,6862656;1,437665;0,09517991;0,4199925;32,19074;0,8978205;2,033055;7,710289;1,33E+01;7,52E-01;8,11E+00;1,47E+00;3,67E+00;1,05E-01;4,86E+01;0,2632984;0,3140456;0,3900442;0,06207082;0,1591379;0,03623971;0,974144;1,082227;171,1669;9;0,1959677
;Bioindicateur.2;;B10-Au-BTé-1;;18,1;141;301;558;14,1;30,1;55,8;43;3,09;13,9;74,4;6,22;1,3;15,06;0,141;870;2,02;862,6235;0,03541147;52,22765;3,059;2,572;29,38201;0,09811017;1,00E+10;3,84E+08;1,040128;15,36987;4,878842;0,1410779;28,13207;1,721779;2,371882;3,378882;1,10E+01;8,91E+00;2,03E+01;1,60E+00;4,17E+00;3,79E-01;8,86E-01;0,2199732;0,4693646;0,5513609;0,03920556;0,07110689;0,02935046;1,126079;1,299155;401,5346;16;0,2744462
;Bioindicateur.2;;B10-Au-BTé-2;;15,8;123;264;613;12,3;26,4;61,3;34,1;2,56;13,3;59;6,32;<1;13,08;0,09;677;1,99;598,9746;0,03159815;37,59409;1,914;2,435;23,57673;0,1008139;1,11E+10;4,82E+08;0,9644449;14,04765;4,331892;0,127328;35,59542;1,654637;1,441424;3,647142;1,35E+01;4,97E+00;1,90E+01;2,18E+00;3,41E+00;3,05E-01;8,10E-01;0,2460155;0,365857;0,4617554;0,06258173;0,1355301;0,05814894;0,7757244;0,8666296;410,5262;16;0,2778817
;Bioindicateur.2;;B10-Au-BTé-3;;17,5;138;309;553;13,8;30,9;55,3;40,8;2,94;13,9;70,6;6,15;<1;14,76;0,125;784;1,92;953,9614;0,0434567;48,89253;2,507;2,356;33,94717;0,02941686;2,08E+10;5,84E+08;0,9213369;15,90304;5,008502;0,1239256;37,04809;2,470593;2,207827;3,270436;1,36E+01;1,04E+01;2,26E+01;1,69E+00;3,38E+00;3,44E-01;8,27E-01;0,2642214;0,3311484;0,4277281;0,04544028;0,1062364;0,03836001;0,9878256;1,018635;297,7252;15;0,3029731
;Bioindicateur.2;;B10-Au-BTé-4;;17,8;138;303;559;13,8;30,3;55,9;40,9;2,85;14,3;70,7;6,22;<1;15,67;0,104;866;2,12;981,7751;0,04048891;69,96262;3,227;2,944;33,03301;0,08549134;1,38E+10;4,41E+08;0,8154374;16,32599;5,284109;0,2262728;35,03978;1,985801;2,381189;3,48419;1,37E+01;1,06E+01;2,27E+01;1,83E+00;3,32E+00;4,52E-01;8,93E-01;0,2535762;0,3554244;0,4593904;0,05180605;0,1127713;0,03612288;1,07336;0,8448277;430,5719;17;0,3117742
;Bioindicateur.2;;B10-Au-PTé-1;;11,3;92;184;724;9,2;18,4;72,4;21,7;1,68;12,9;37,5;6,22;<1;8,22;0,041;643;2,96;483,2761;0,0268427;35,21804;1,848;2,777;23,0685;0,5959033;2,02E+10;4,50E+08;0,6741252;13,07917;3,452054;0,1451343;35,82015;1,45218;2,026273;4,338619;8,48E+00;8,69E+00;1,17E+01;1,16E+00;1,96E+00;4,08E-01;8,06E-01;0,2494888;0,3012753;0,367898;0,03204874;0,0871131;0,02642533;0,9265774;1,188814;179,292;5;0,1233226
;Bioindicateur.2;;B10-Au-PTé-2;;9,98;82;149;769;8,2;14,9;76,9;21,2;1,58;13,4;36,6;6,25;<1;8,08;0,055;532;2,51;469,7843;0,03153761;36,342;1,963;2,705;24,35287;0,3982648;1,77E+10;4,08E+08;0,6670165;10,51113;3,01952;0,09022912;36,42289;1,677372;1,99211;4,121133;8,51E+00;8,35E+00;1,43E+01;1,10E+00;1,84E+00;4,39E-01;8,37E-01;0,2650039;0,3085342;0,4008639;0,02680111;0,06685838;0,02878184;1,081231;1,132251;191,5758;5;0,1358011
;Bioindicateur.2;;B10-Au-PTé-3;;12,1;100;210;690;10;21;69;22,8;1,72;13,3;39,5;6,22;<1;8,84;0,035;608;2,67;470,364;0,02762947;31,15862;2,131;2,736;16,60455;0,407006;1,02E+10;2,43E+08;0,7236881;11,49804;3,009587;0,1120225;32,20971;1,294612;1,971779;5,792244;8,00E+00;7,79E+00;1,19E+01;1,03E+00;1,91E+00;3,96E-01;9,10E-01;0,2556118;0,3597643;0,4037189;0,04626606;0,1145997;0,03587532;0,9700963;0,8698699;201,2961;3;0,1023817
;Bioindicateur.2;;B10-Au-PTé-4;;12;96;190;714;9,6;19;71,4;22,8;1,71;13,3;39,5;6,12;<1;8,63;0,042;599;2,63;510,1306;0,03041561;35,19389;1,952;2,47;16,04526;0,2870942;9,90E+09;2,52E+08;0,7682642;12,86555;3,43248;0,0908593;28,56592;1,226659;1,818313;4,289606;6,83E+00;8,77E+00;1,16E+01;9,32E-01;2,17E+00;4,25E-01;9,30E-01;0,2588907;0,309944;0,3800344;0,03639778;0,09577498;0,03033139;0,9820033;1,18794;203,5629;6;0,1262581
;Bioindicateur.2;;B10-Au-OBTé-1;;12,7;149;220;631;14,9;22;63,1;25;1,94;12,9;43,2;5,04;<1;8,26;0,02;402;1,61;523,0007;0,04646417;31,10449;8,019;6,718;15,99265;4,718927;1,31E+10;3,88E+08;0,8571485;23,03565;3,248368;0,05418748;27,55657;1,983407;1,515984;2,340842;4,55E+00;1,16E+01;3,23E+00;4,22E-01;4,54E+00;4,65E-01;7,38E-01;0,3071302;0,2945227;0,4145303;0,05629014;0,1357926;0,06740849;1,073614;1,263986;311,9924;1;0,07150538
;Bioindicateur.2;;B10-Au-OBTé-2;;13,5;152;224;624;15,2;22,4;62,4;25,7;2,01;12,8;44,4;5,15;<1;10,05;0,021;463;1,8;592,61;0,04571198;31,67359;8,208;6,755;18,23835;4,395744;1,61E+10;4,45E+08;0,5077149;25,8412;3,065564;0,01222259;23,78004;1,828722;2,081001;2,430159;5,13E+00;1,11E+01;3,35E+00;3,14E-01;4,49E+00;5,30E-01;9,06E-01;0,3115562;0,3219487;0,4762252;0,04481292;0,09410026;0,07919191;0,9320833;0,9974688;328,4373;1;0,08086021
;Bioindicateur.2;;B10-Au-OBTé-3;;13,2;143;226;631;14,3;22,6;63,1;26,6;2,04;13;45,9;4,83;<1;8,26;0,021;414;1,56;569,8378;0,04915785;31,08679;10,056;7,245;17,03513;6,200104;2,78E+10;5,89E+08;0,4245563;20,66843;2,944373;0;23,04247;2,000942;1,867226;2,135753;4,29E+00;1,09E+01;2,13E+00;2,67E-01;4,67E+00;6,77E-01;8,29E-01;0,3046007;0,2971514;0,4034649;0,04590344;0,1137731;0,05874933;1,238143;1,294027;292,9315;5;0,1252097
;Bioindicateur.2;;B10-Au-OBTé-4;;13,9;146;222;632;14,6;22,2;63,2;26,9;2,12;12,7;46,5;5,21;<1;9,54;0,023;484;1,8;582,2271;0,04296244;31,71413;7,24;6,463;14,00592;2,012735;1,23E+10;3,72E+08;0,5316608;23,103;3,132495;0,1859116;24,43422;2,210747;1,877342;2,486408;5,09E+00;9,78E+00;3,53E+00;6,63E-01;4,23E+00;4,60E-01;7,02E-01;0,2828345;0,3846578;0,514995;0,04127616;0,08014867;0,07238782;1,046312;0,7322018;350,7062;1;0,07197491
;Bioindicateur.2;;B10-Au-BCo-1;;15,4;143;256;601;14,3;25,6;60,1;42,3;3;14,1;73,2;5,85;<1;13,32;0,064;1056;2,5;1030,7;0,03485865;50,18636;11,452;9,126;22,21911;2,569309;9,85E+09;3,69E+08;1,205713;20,53501;4,124571;0,3013518;42,37652;3,517463;3,654703;3,875089;9,86E+00;9,47E+00;1,41E+01;7,44E-01;6,06E+00;4,44E-01;1,19E+00;0,2589532;0,3849756;0,4928521;0,04981526;0,1010755;0,06093872;0,8064229;0,7710553;541,9845;11;0,1998817
;Bioindicateur.2;;B10-Au-BCo-2;;15,9;150;276;574;15;27,6;57,4;39,3;2,79;14,1;67,9;5,74;<1;12,73;0,057;929;2,36;991,087;0,03810114;42,63936;10,654;9,093;24,96741;3,867187;9,54E+09;7,37E+08;1,236948;20,34799;3,447549;0,3018042;43,45097;2,291946;3,750816;4,06825;9,48E+00;1,06E+01;1,46E+01;6,04E-01;6,52E+00;3,96E-01;1,10E+00;0,2480146;0,3700051;0,4667114;0,06468631;0,1386002;0,0586512;0,7780266;0,8653626;509,3597;12;0,2033925
;Bioindicateur.2;;B10-Au-BCo-3;;15,1;146;281;573;14,6;28,1;57,3;38;2,66;14,3;65,7;5,72;<1;12,42;0,054;889;2,34;1080,565;0,04341013;40,18004;12,92;9,593;26,37434;2,050095;1,48E+10;4,90E+08;0,9450837;20,37023;3,985494;0,4004621;40,73143;3,581357;3,638491;4,14449;7,16E+00;1,18E+01;1,75E+01;1,70E+00;5,53E+00;4,95E-01;1,20E+00;0,2536245;0,382682;0,4898304;0,05759551;0,1175826;0,0649277;0,7605284;0,7848362;563,4169;10;0,1799068
;Bioindicateur.2;;B10-Au-BCo-4;;18,3;170;314;516;17;31,4;51,6;54,7;3,5;15,6;94,6;5,66;<1;15,91;0,08;1186;2,17;1422,265;0,04282898;63,00962;16,04;13,003;31,10172;4,71023;1,87E+10;9,06E+08;1,352803;20,85057;5,034667;0,3287217;40,33655;2,755287;4,142204;5,824515;1,09E+01;1,52E+01;2,13E+01;6,53E-01;7,31E+00;4,64E-01;1,25E+00;0,2435558;0,3734876;0,4652012;0,05645925;0,1213652;0,05099482;0,9987107;0,8202215;548,6846;7;0,138862
;Bioindicateur.2;;B10-Au-BHCo-1;;22,8;231;454;315;23,1;45,4;31,5;57,2;3,49;16,4;98,9;5,35;<1;17,68;0,369;438;0,77;534,1711;0,04355603;29,34707;4,073;3,673;17,39205;0,3182677;7,91E+09;5,12E+08;0,9131148;13,43616;5,453364;0,02343381;22,31498;1,29496;1,993384;2,178448;7,24E+00;5,13E+00;5,53E+00;7,77E-01;4,23E+00;6,02E-01;1,18E+00;0,4143178;0,2574795;0,623559;0,0257716;0,04132985;0,07923914;2,338008;0,7639533;335,801;5;0,1247168
;Bioindicateur.2;;B10-Au-BHCo-2;;25,3;245;426;329;24,5;42,6;32,9;61,9;4,42;14;107;5,86;<1;20,51;0,359;1165;1,88;997,877;0,03059096;53,00146;6,637;5,269;35,30365;1,268181;1,65E+10;1,06E+09;1,154766;27,04874;6,563953;0,2524481;49,3011;1,966106;2,060389;2,156593;8,24E+00;9,92E+00;1,35E+01;1,29E+00;4,18E+00;5,46E-01;1,41E+00;0,2507223;0,462289;0,4896183;0,04775794;0,09754118;0,08716989;1,582309;0,5728738;316,7749;14;0,2561989
;Bioindicateur.2;;B10-Au-BHCo-3;;19,6;198;409;393;19,8;40,9;39,3;48,4;3,16;15,3;83,8;5,47;<1;13,99;0,266;660;1,36;664,9587;0,03598261;36,1953;6,374;3,234;24,13682;0,5247823;1,18E+10;6,59E+08;0,9420545;21,56911;6,169849;0,03939339;32,83264;1,717226;2,367294;2,900089;4,93E+00;5,52E+00;7,48E+00;4,08E-01;2,94E+00;4,32E-01;9,45E-01;0,2880419;0,2047963;0,4759259;0,03234011;0,06795198;0,04449522;1,007929;1,959201;193,6548;10;0,1804857
;Bioindicateur.2;;B10-Au-BHCo-4;;31,8;246;431;323;24,6;43,1;32,3;102;6,31;16,2;177;5,17;1,1;24,6;0,538;1172;1,15;1544,689;0,04707121;112,0438;8,413;3,746;39,17452;-99;1,41E+11;2,12E+09;1,633071;15,30415;9,646199;0,02929848;29,37929;1,592673;2,112737;2,454893;-9,90E+01;8,18E+00;7,05E+00;1,30E+00;9,73E+00;7,79E-01;1,63E+00;0,2724167;0,3458919;0,5408053;0,03491731;0,06456541;0,01073614;1,510336;0,8075724;247,8413;10;0,1801882
;Bioindicateur.2;;B10-Au-FCo-1;;14,2;135;218;647;13,5;21,8;64,7;37,7;2,67;14,1;65,1;5,8;<1;11,59;0,07;563;1,49;652,6865;0,04140361;37,09488;6,611;6,354;28,38373;0,6601772;2,26E+10;4,99E+08;0,7476963;13,86872;4,680959;0,1368817;32,96425;0,9569917;3,204568;3,675517;9,77E+00;6,76E+00;0,00E+00;1,35E+00;4,40E+00;5,31E-01;9,76E-01;0,2557745;0,3247435;0,4005296;0,03283827;0,08198712;0,03528749;0,9842724;1,055101;245,5055;5;0,1424964
;Bioindicateur.2;;B10-Au-FCo-2;;13,8;108;185;707;10,8;18,5;70,7;39,2;2,82;13,9;67,8;5,66;<1;10,29;0,084;617;1,57;679,273;0,03931888;41,37448;8,089;6,345;27,12298;-99;4,50E+10;9,50E+08;0,8783723;16,32497;6,339638;0,2137692;34,92026;0,9403698;2,125784;3,543145;9,37E+00;7,76E+00;6,61E+00;1,46E+00;5,27E+00;5,43E-01;1,19E+00;0,2589138;0,310055;0,3807952;0,03464078;0,09096957;0,0347349;1,012082;1,201477;234,442;4;0,1202312
;Bioindicateur.2;;B10-Au-FCo-3;;11,6;89;149;762;8,9;14,9;76,2;32;2,29;14;55,4;6,05;<1;8,63;0,083;628;1,96;577,2995;0,03283095;34,97814;7,226;5,909;19,03074;0,1696092;1,85E+10;2,87E+08;1,133681;18,3183;4,730337;0,1572033;27,91982;1,041294;2,071107;3,947242;7,70E+00;7,30E+00;7,30E+00;1,21E+00;4,33E+00;6,04E-01;8,36E-01;0,2545951;0,3277228;0,4016188;0,03346743;0,08333132;0,03559281;0,9562475;1,067981;243,3996;11;0,221448
;Bioindicateur.2;;B10-Au-FCo-4;;9,58;78;138;784;7,8;13,8;78,4;28,9;2,04;14,2;50;5,81;<1;7,6;0,066;604;2,09;543,046;0,0321101;59,51741;3,868;4,687;18,33051;0,2719479;2,05E+10;4,04E+08;1,036295;16,95387;4,245854;0,1626636;26,73619;1,418493;2,022285;3,565907;8,09E+00;8,47E+00;6,00E+00;1,13E+00;2,74E+00;5,03E-01;8,62E-01;0,2462775;0,350302;0,4087424;0,03418743;0,08364052;0,0384607;0,9201981;0,9688116;254,7785;4;0,1326344
;Bioindicateur.2;;B10-Au-OBCo-1;;15,2;84;148;768;8,4;14,8;76,8;47;3,47;13,6;81,4;5,33;<1;11,7;0,139;508;1,08;840,3497;0,0590797;46,34814;5,496;6,155;28,6688;0,8733103;7,92E+10;1,10E+09;1,189057;7,157375;5,261159;0,1140642;45,55561;2,636489;3,508607;2,621019;1,20E+01;1,31E+01;1,03E+01;1,61E+01;6,15E+00;7,05E-01;1,69E+00;0,2673327;0,3061357;0,4076875;0,038839;0,0952666;0,06172488;1,198864;1,349603;140,2133;5;0,169543
;Bioindicateur.2;;B10-Au-OBCo-2;;13,2;81;173;746;8,1;17,3;74,6;41,3;3,19;13;71,5;5,12;<1;10,35;0,121;470;1,14;726,5574;0,05520953;40,87343;5,438;5,021;28,38751;0,7786119;5,34E+10;8,81E+08;1,060382;6,035434;3,992507;0;48,49997;1,070359;3,130382;2,0142;5,76E+00;6,34E+00;8,87E+00;8,44E+00;4,00E+00;4,32E-01;1,09E+00;0,2633674;0,3274293;0,4392285;0,0409807;0,09330156;0,08123384;1,228882;1,179993;139,1969;7;0,2531344
;Bioindicateur.2;;B10-Au-OBCo-3;;12,1;95;160;745;9,5;16;74,5;35,1;2,6;13,5;60,7;5,08;<1;8,6;0,109;338;0,96;606,2685;0,06406049;36,27804;6,515;5,212;22,43381;1,617889;4,28E+10;5,39E+08;0,9313169;6,462023;4,235181;0,05240068;44,69728;1,839535;1,971014;1,614702;2,08E+00;7,04E+00;5,04E+00;9,69E+00;2,31E+01;5,75E-01;1,38E+00;0,2684956;0,2353069;0,2643037;0,0380924;0,1441236;0,03780444;1,021284;2,447492;114,8964;1;0,1116935
;Bioindicateur.2;;B10-Au-OBCo-4;;16,7;110;216;674;11;21,6;67,4;47,9;3,68;13;82,8;5,38;<1;13,56;0,093;604;1,26;881,4291;0,05211856;39,54685;8,611;6,248;24,18591;1,282823;4,11E+10;8,66E+08;1,188972;9,758195;5,021827;0,07638036;38,12955;1,045695;4,282943;2,30985;1,25E+01;1,02E+01;1,71E+01;1,70E+01;3,81E+01;5,29E-01;1,38E+00;0,25981;0,3178079;0,4091686;0,03877089;0,09475528;0,05907548;1,13933;1,226324;146,5016;8;0,1777366
;Bioindicateur.2;;B10-F63-1;;74,5;249;410;341;24,9;41;34,1;150;9,06;16,6;260;4,9;1,4;9,25;0,078;744;0,5;1872,471;0,08988436;90,9381;39,812;6,387;94,73;8,553867;6,97E+10;3,60E+07;0,9821584;45,97744;13,87116;0,1867621;48,80099;17,32157;2,78804;2,277871;1,36E+00;1,79E+00;1,74E+01;6,27E+00;1,56E+01;1,11E+00;2,58E+00;0,1999385;0,4055047;0,4827027;0,02544742;0,05271861;0,05188912;1,565655;0,5132449;813,2349;1;0,0656828
;Bioindicateur.2;;B10-F63-2;;76,5;262;426;312;26,2;42,6;31,2;161;9,27;17,4;278;4,8;1,3;8,72;0,104;628;0,39;1897,816;0,1079285;107,1173;43,048;6,687;117,02;10,64625;6,65E+10;1,97E+07;0,9722159;37,98169;12,41277;0,07815475;36,83237;22,82531;1,857429;2,769657;2,70E+00;0,00E+00;9,46E+00;4,03E+00;0,00E+00;1,26E+00;2,75E+00;0,192305;0,3922124;0,4477669;0,02964738;0,06621163;0,05636743;1,297023;0,5654569;741,5496;1;0,0734086
;Bioindicateur.2;;B10-F63-3;;71,6;251;389;360;25,1;38,9;36;146;8,93;16,4;253;4,89;1,5;9,59;0,09;740;0,51;2076,2;0,1002027;470,7072;40,884;5,117;90,16;4,50379;3,94E+10;9,74E+07;1,183169;31,18919;13,2526;0,1384109;41,13156;23,45;2,866474;2,433846;4,16E+00;4,81E+00;3,07E+01;6,63E+00;4,53E+00;7,31E-01;2,42E+00;0,1849577;0,3864415;0,4390303;0,03036853;0,06917182;0,05037653;1,523904;0,4347454;791,6155;0;0,05565054
;Bioindicateur.2;;B10-F63-4;;81,6;262;422;316;26,2;42,2;31,6;164;9,27;17,7;284;4,84;1,4;10,7;0,104;778;0,47;2008,996;0,09222345;402,3304;44,717;5,053;101,95;3,773597;5,59E+10;4,59E+08;1,251383;49,78025;14,99774;0,129592;41,51728;25,52285;2,425489;1,712732;4,95E+00;1,82E+00;3,39E+01;8,74E+00;2,49E+00;9,17E-01;3,18E+00;0,2124912;0,343838;0,4198697;0,0271716;0,06471435;0,03193527;2,07468;0,4658979;675,6443;0;0,04926344
;Bioindicateur.2;;B10-StE-A-1;;18,2;58;171;771;5,8;17,1;77,1;67,7;2,81;24,1;117;7,95;43;10,32;0,061;492;0,73;435,2;0,0243313;19,77661;9,365;9,298;10,60706;0,4045705;4,32E+09;1,31E+07;0,4718881;2,149883;1,157828;0,0436372;21,84795;6,331868;3,513158;7,393692;2,56E+01;1,08E+01;2,89E+01;1,60E+00;3,26E+00;1,40E-01;8,82E-01;0,1924395;0,3008011;0,3462317;0,08100968;0,2339753;0,01696958;0,8021765;1,352581;176,3568;2;0,07735484
;Bioindicateur.2;;B10-StE-A-2;;17,5;50;118;832;5;11,8;83,2;50,2;2,35;21,4;86,9;8,07;40,2;10,65;0,045;356;0,71;426,5;0,03257354;19,34358;6,476;5,83;14,59159;0,344511;5,09E+09;1,26E+07;0,4585926;2,121995;1,035294;0,03183865;23,64424;11,01104;1,649889;6,142252;2,15E+01;1,10E+01;2,72E+01;1,89E+00;2,28E+00;8,48E-02;4,77E-01;0,2003907;0,2934024;0,3262521;0,06071541;0,1860996;0,01740145;0,9055599;1,52824;190,6705;2;0,07459319
;Bioindicateur.2;;B10-StE-A-3;;16,1;47;152;801;4,7;15,2;80,1;43,5;2,17;20;75,3;8,12;67;10,96;0,052;444;1,02;486,6;0,03188936;22,22171;5,787;6,93;11,28955;0,9248079;5,86E+09;1,90E+07;0,5220618;2,376976;0,8799512;0,06901547;24,90508;10,53403;3,305352;7,243607;2,14E+01;1,16E+01;2,83E+01;1,36E+00;2,58E+00;1,60E-01;0,00E+00;0,1766187;0,3018237;0,2784929;0,07491659;0,2690072;0,01271102;0,8677638;1,449122;157,0633;9;0,1764193
;Bioindicateur.2;;B10-StE-A-4;;13;45;120;835;4,5;12;83,5;37,2;1,81;20,5;64,3;8,28;54,1;8,32;0,059;278;0,75;275,3;0,02978431;11,42613;7,545;5,712;10,49729;0,3034266;4,64E+09;1,76E+07;0,3708988;2,102514;0,9948158;0,05829599;25,41438;9,781571;2,267951;7,671721;1,81E+01;1,12E+01;2,54E+01;9,55E-01;3,12E+00;7,35E-02;4,05E-01;0,2026313;0,3285805;0,3092299;0,04384367;0,1417834;0,02098027;0,879703;1,359861;130,4481;2;0,073
;Bioindicateur.2;;B10-StE-I-1;;13,6;44;128;828;4,4;12,8;82,8;31,1;1,18;26,3;53,8;8,69;90,9;5,94;0,037;247;0,79;328,2;0,03690301;11,2906;1,848;1,822;3,776433;0,1817086;1,81E+09;6,89E+06;0,2649396;1,018598;0,4148122;0,04071978;18,02187;7,593552;1,162347;3,957471;7,86E+00;7,31E+00;1,75E+01;7,58E-01;2,05E+00;1,34E-02;3,14E-01;0,1968646;0,1992722;0,1576558;0,02587336;0,164113;0,01011731;0,7859238;2,869388;85,28152;0;0,04961111
;Bioindicateur.2;;B10-StE-I-2;;15;45;134;821;4,5;13,4;82,1;25,5;1,16;22;44,1;9,01;118;6,45;0,054;305;1,2;539,7;0,04827566;21,67225;4,482;3,573;3,803522;0,1660233;1,61E+09;7,65E+06;0,1709844;0,8524773;0,4541455;0,02989798;20,87728;5,742358;1,304582;6,430446;1,73E+00;7,42E+00;1,97E+01;1,17E+00;1,95E+00;5,82E-02;4,47E-01;0,210068;0,2443931;0,2855049;0,06605164;0,2313503;0,01153992;0,8075318;2,000775;119,4904;2;0,07017384
;Bioindicateur.2;;B10-StE-I-3;;13,4;48;141;811;4,8;14,1;81,1;39,5;1,65;23,9;68,4;8,79;58,1;7,84;0,05;341;0,86;493;0,03878629;18,23643;5,35;4,798;5,190503;0,305759;1,80E+09;7,30E+06;0,3534991;2,199054;0,8502576;0;22,29927;7,301037;1,016456;4,984245;1,38E+01;1,14E+01;1,98E+01;6,51E-01;1,24E+00;6,19E-02;3,57E-01;0,2375985;0,2098911;0,2133222;0,06207322;0,2909834;0,01158849;0,7910523;2,667876;122,3156;5;0,08968817
;Bioindicateur.2;;B10-StE-I-4;;11,1;36;82;882;3,6;8,2;88,2;29,6;1,54;19,2;51,2;8,31;28,4;6,75;0,063;391;1,32;399,7;0,02882192;25,6345;8,18;9,19;12,81454;1,275555;3,43E+09;5,32E+06;0,4283793;1,143199;0,4846196;0,08755633;25,85126;10,24117;1,439048;8,516193;2,48E+01;1,44E+01;2,91E+01;1,24E+00;2,17E+00;1,23E-01;5,15E-01;0,2047447;0,2488812;0,2240738;0,05454616;0,2434294;0,009790648;0,7804154;1,959421;114,3799;5;0,1284337
;Bioindicateur.2;;B10-StE-R-1;;6,11;35;84;881;3,5;8,4;88,1;16,7;1,45;11,5;28,9;8,53;51,9;3,64;0,044;206;1,23;240,4;0,03074386;6,585574;1,386;1,352;1,186687;0,1667428;1,35E+09;4,99E+05;0,1754615;0,3678215;0,4984446;0,2816481;19,2964;1,399789;0,8238522;4,243834;4,21E+00;3,75E+00;9,05E+00;1,06E+00;3,49E-01;3,68E-02;1,83E-01;0,2130344;0,1931669;0,1581575;0,04046774;0,2558698;0,01309543;0,7683527;3,0353;57,07802;1;0,03293549
;Bioindicateur.2;;B10-StE-R-2;;2,67;24;30;946;2,4;3;94,6;8,28;0,265;31,3;14,3;8,85;26,9;2,03;0,024;27;0,32;100;0,1033439;1,695148;0,562;0,279;0,274243;-99;-1,00E+00;-1,00E+00;0,05232292;0,1502987;0,2026637;0,6213384;16,25804;0,229516;0,2853587;1,356948;3,09E-01;6,39E-01;2,41E+00;1,65E+00;3,31E-01;1,75E-02;0,00E+00;0,331379;0,1944683;0,1755024;0,03568804;0,2033479;0,02072794;0,4631476;3,408605;35,01473;0;0,000370968
;Bioindicateur.2;;B10-StE-R-3;;6,22;35;83;882;3,5;8,3;88,2;17,5;0,609;28,7;30,3;8,59;66,1;4,12;0,058;161;0,92;192,8;0,03074495;6,940057;1,408;1,203;0,5768581;0,01512637;2,71E+08;5,12E+05;0,1316361;0,3247404;0,3370982;1,979246;17,30416;3,185234;0,8742317;2,773678;2,27E+00;1,91E+00;6,07E+00;1,47E+00;9,07E-01;2,96E-02;1,27E-01;0,2638809;0,207762;0,171711;0,02926232;0,1704162;0,01693239;0,5224628;3,045292;43,48564;0;0,03984946
;Bioindicateur.2;;B10-StE-R-4;;4;32;78;890;3,2;7,8;89;12,8;1,2;10,7;22,2;8,54;27,9;3,3;0,605;106;0,83;139,8;0,03801696;2,882751;0,911;0,455;2,779436;0,1250139;1,31E+09;3,46E+06;0,153294;0,245766;0,3575459;0,7861699;18,3567;0,241089;0,5680748;2,764776;1,68E+00;1,81E+00;5,53E+00;6,19E-01;1,57E+00;1,01E+00;1,74E-03;0,2337051;0,2177703;0,1688853;0,03037919;0,1798806;0,01939284;0,7348565;2,899046;41,88683;0;0,006055556
;Bioindicateur.2;;B09-Fe-Té-1;;11,52;174;756;70;17,58;75,6;7;10,2;1,05;9,7;17,7;6,89;<1;9,53;0,102;120;1,18;142,3017;0,042;8,03;3,1183;0,7595;9,486452;0,04949035;7,95E+09;2,92E+07;0,187752;7,260962;7,723123;0,1264929;21,10287;1,39;0,5159659;1,969597;3,70E+00;7,52E-01;1,19E+01;4,77E-01;8,70E-01;9,86E-03;1,18E+00;0,3059668;0,3078989;0,4278409;0,02898302;0,0677425;0,04755501;1,213619;1,331203;86,43989;9,333333;0,1713172
;Bioindicateur.2;;B09-Fe-Té-2;;10,67;158;776;66;15,98;77,6;6,6;10,6;1,05;10,1;18,3;7,04;<1;8,8;0,153;128;1,2;150,5392;0,042;8,47;3,276;0,7546;8,769901;0,04772396;4,04E+09;2,24E+07;0,1263143;6,560207;7,574108;0,08993991;17,47058;1,198276;0,2736052;1,506214;3,54E+00;5,91E-01;1,16E+01;1,03E+00;1,13E+00;1,87E-02;8,60E-01;0,3085725;0,288545;0,4122547;0,02987618;0,07247021;0,04438882;1,036474;1,420378;76,61694;8,333333;0,1855914
;Bioindicateur.2;;B09-Fe-Té-3;;9,81;143;796;61;14,49;79,6;6,1;10,2;0,991;10,3;17,6;6,73;<1;7,5;0,132;121;1,18;146,4433;0,043;9,19;3,2068;0,7803;8,154154;0,03013984;3,06E+09;1,31E+07;0,1380058;6,749907;6,53329;0,0875595;15,64596;1,386496;0,2035747;1,422061;3,29E+00;0,00E+00;6,61E+00;1,59E-01;1,33E+00;2,72E-02;1,76E+00;0,3066684;0,2892981;0,4020822;0,02995416;0,0744976;0,04450469;1,191073;1,51169;76,41748;11;0,2002867
;Bioindicateur.2;;B09-Fe-Té-4;;10,22;153;780;67;15,5;78;6,7;10,2;1,03;9,89;17,6;6,79;<1;8,04;0,141;145;1,42;150,1392;0,037;9,03;2,7006;0,8154;8,078032;0,06248216;4,98E+09;1,60E+07;0,1604645;7,645802;7,238147;0,06256766;23,0611;1,961035;0,4195863;1,845949;3,10E+00;9,48E-01;7,75E+00;4,23E-01;3,65E-01;3,53E-03;1,23E+00;0,3080121;0,2764641;0,3798117;0,02486138;0,06545712;0,04208789;1,2305;1,676181;72,42368;7,333333;0,1669534
;Bioindicateur.2;;B09-Fe-FUM-1;;10,36;168;762;70;17,04;76,2;7;13,9;1,34;10,3;24;7,47;<1;10,4;0,191;189;1,36;248,8725;0,047;15,36;2,9878;0,8397;10,70938;0,0320554;6,16E+09;2,14E+08;0;7,73508;9,217461;0,09143279;29,66564;4,057414;1,226226;2,393203;4,78E+00;0,00E+00;1,69E+01;1,07E+00;1,04E+00;6,41E-02;1,50E+00;0,3263845;0,2784939;0,385446;0,03027413;0,07854312;0,03732606;1,003207;1,633482;80,25899;15;0,3287384
;Bioindicateur.2;;B09-Fe-FUM-2;;9,7;152;782;66;15,42;78,2;6,6;14,3;1,33;10,8;24,8;7,46;<1;9,23;0,266;187;1,31;210;0,04;12,07;2,7538;0,7001;10,83746;0,02626873;6,12E+09;1,45E+08;0,1437634;6,807847;8,003191;0,09993964;24,45852;4,576238;1,381174;1,717147;4,69E+00;1,16E+00;1,53E+01;1,29E+00;1,07E+00;5,15E-02;2,02E+00;0,3288059;0,2938506;0,4191319;0,02628463;0,06271207;0,0358053;1,00433;1,394043;88,7109;10,66667;0,2097491
;Bioindicateur.2;;B09-Fe-FUM-3;;9,42;149;789;62;15,08;78,9;6,2;14;1,34;10,5;24,3;7,45;<1;9,48;0,286;208;1,48;221,9517;0,038;12,67;3,4446;-99;8,863299;0,04960825;6,12E+09;1,29E+08;0;6,315302;8,729641;0,03736527;24,16616;4,028102;1,328851;2,612004;4,77E+00;6,44E-01;1,68E+01;1,11E+00;7,11E-01;2,51E-02;1,36E+00;0,3170432;0,2824423;0,4172583;0,03369185;0,0807458;0,04198972;0,9895338;1,438757;59,60367;12,33333;0,226871
;Bioindicateur.2;;B09-Fe-FUM-4;;10,01;160;772;68;16,23;77,2;6,8;14,1;1,36;10,4;24,5;7,37;<1;10;0,257;187;1,33;204,1475;0,039;11,26;3,2958;0,7877;10,10605;0,08386363;6,08E+09;1,24E+08;0;7,78003;11,44734;0,06535752;33,69069;3,46509;1,398186;2,968456;4,18E+00;2,84E-01;1,44E+01;8,68E-01;1,09E+00;4,95E-02;2,81E+00;0,3258321;0,2502026;0,354308;0,03644238;0,1028551;0,03533545;0,9777187;1,831786;56,97938;12,33333;0,2322204
;Bioindicateur.2;;B09-Fe-BIO-1;;10,51;162;772;66;16,48;77,2;6,6;13,9;1,35;10,3;24;7,8;1,83;10,6;0,252;199;1,43;234,5475;0,042;13,16;2,9217;0,7537;17,37924;0,04212523;7,82E+09;1,16E+08;0,005777327;7,541999;7,131317;0,05939274;30,40479;6,51534;1,477781;0,9647366;3,76E+00;1,85E-01;1,46E+01;9,55E-01;1,13E+00;0,00E+00;1,77E+00;0,305256;0,3119847;0,4477547;0,02805866;0,06266525;0,04374386;1,115454;1,172891;128,6165;10,33333;0,1719552
;Bioindicateur.2;;B09-Fe-BIO-2;;10,5;159;766;75;16,21;76,6;7,5;15,8;1,52;10,4;27,4;7,95;3,15;11,3;0,381;213;1,35;277,4142;0,047;16,49;4,278;0,8955;16,53965;0,0523717;1,17E+10;1,44E+08;0,08948676;6,463535;7,666586;0,09154982;30,63811;6,021983;0,6611689;0,9855425;2,97E+00;2,99E-01;1,43E+01;7,42E-01;1,78E+00;3,36E-02;2,42E+00;0,2965046;0,3157235;0,4413069;0,02644864;0,05993253;0,0418474;1,141611;1,139914;136,4461;10,66667;0,2055233
;Bioindicateur.2;;B09-Fe-BIO-3;;10,71;159;768;73;16,27;76,8;7,3;15;1,4;10,7;25,9;7,73;1,26;10,4;0,246;207;1,38;269;0,046;15,14;3,2333;0,8648;14,98788;0,04679528;1,16E+10;1,77E+08;0,1737648;5,776607;6,780533;0,07444011;27,46162;5,726149;1,496407;0,8020914;4,28E+00;9,04E-01;1,26E+01;1,09E+00;1,49E+00;0,00E+00;1,64E+00;0,2968122;0,3154166;0,4477088;0,03224735;0,0720275;0,04356172;1,117886;1,138028;129,1543;11,33333;0,1978477
;Bioindicateur.2;;B09-Fe-BIO-4;;10,58;163;771;66;16,55;77,1;6,6;14,1;1,38;10,2;24,4;7,82;1,45;10,3;0,252;214;1,52;236,2183;0,039;12,47;3,1337;0,7315;12,88695;0,04439874;6,11E+09;2,40E+07;0,10897;6,385048;8,452667;0,05365344;27,9936;4,738562;0,9289587;1,213543;4,29E+00;1,09E+00;1,87E+01;3,92E-01;1,26E+00;6,43E-03;7,63E-01;0,3239833;0,3065086;0,4438883;0,02377411;0,05355876;0,03204337;1,261778;1,232722;107,9046;12;0,2017151
;Bioindicateur.2;;B09-Fe-DVB-1;;10,42;159;783;58;16,09;78,3;5,8;15,9;1,51;10,5;27,5;7,06;<1;10,1;0,686;197;1,24;236,8933;0,043;16,59;-99;1,3119;14,59123;0,04991809;7,26E+09;2,84E+07;0,2382416;7,193483;7,296566;0,02292597;26,36949;2,467412;0,3280617;1,614902;4,53E+00;7,92E-01;1,41E+01;5,31E-01;1,42E+00;-9,90E+01;1,69E+00;0,3251192;0,276009;0,406348;0,02529056;0,06223866;0,0446582;1,137074;1,486649;127,2212;9;0,1627043
;Bioindicateur.2;;B09-Fe-DVB-2;;9,91;149;779;72;15,14;77,9;7,2;15,1;1,46;10,3;26,1;6,99;<1;9,66;0,601;182;1,21;244,2475;0,048;17,03;-99;1,4003;14,60936;0,06762806;7,41E+09;4,91E+07;0,2448747;6,806087;8,45186;0,03249938;28,68757;2,520934;0,6513001;1,93304;4,19E+00;2,27E-01;1,22E+01;6,84E-01;1,54E+00;-9,90E+01;2,03E+00;0,3234574;0,2522466;0,3527184;0,03079443;0,08730599;0,03138719;1,017789;1,740394;93,29901;15;0,2761344
;Bioindicateur.2;;B09-Fe-DVB-3;;9,94;152;776;72;15,46;77,6;7,2;15,2;1,42;10,7;26,4;6,99;<1;9,53;0,438;177;1,16;219,0017;0,044;14,5;4,8188;1,6927;14,43059;0,05113534;7,02E+09;3,23E+07;0,1789345;6,902946;6,124675;0,06003049;27,09964;1,778181;0,4553654;1,390515;4,31E+00;9,87E-01;1,16E+01;5,03E-01;1,55E+00;-9,90E+01;2,05E+00;0,3434586;0,2457741;0,3509436;0,01949158;0,05554048;0,03285263;1,110974;1,945937;88,60098;11,66667;0,2157486
;Bioindicateur.2;;B09-Fe-DVB-4;;9,75;143;775;82;14,62;77,5;8,2;14,8;1,42;10,5;25,6;7;<1;9,39;0,55;176;1,19;237,7392;0,048;17,23;4,4595;1,6397;11,42147;0,04791365;5,06E+09;1,31E+07;0,221821;6,223002;10,54541;0,08001082;29,6542;2,42;0,6813992;2,174212;3,43E+00;9,83E-01;1,36E+01;5,25E-01;1,49E+00;-9,90E+01;9,78E-01;0,3057993;0,252949;0,3473633;0,03088018;0,08889879;0,03147459;0,9548576;1,685802;93,03993;12,33333;0,2293423
;Bioindicateur.2;;B09-Fe-OMR-1;;10,75;156;771;73;15,89;77,1;7,3;12,7;1,26;10,1;21,9;7,67;<1;9,85;0,197;229;1,8;237,76;0,037;19,79;2,5944;0,8288;16,55809;0,07504873;1,10E+10;1,33E+08;0,3113877;7,552821;7,439177;0,05287373;27,59024;5,193845;2,239648;3,737432;4,08E+00;9,94E-01;1,68E+01;1,37E+00;1,16E+00;1,85E-02;2,04E+00;0,2740737;0,252612;0,2777488;0,03723098;0,1340455;0,03133871;0,963777;1,947671;49,3041;10,66667;0,2333315
;Bioindicateur.2;;B09-Fe-OMR-2;;10,57;153;777;70;15,55;77,7;7;13,2;1,25;10,6;22,9;7,64;<1;9,64;0,182;209;1,58;274,1642;0,047;22,99;3,2099;0,9392;17,08734;0,3116983;1,06E+10;1,27E+08;0,341825;7,63154;9,514754;0,07001979;25,07102;5,579287;3,04768;3,799617;6,28E+00;1,64E+00;1,47E+01;8,54E-01;1,50E+00;2,55E-02;1,00E+00;0,2781332;0,2486514;0,2836726;0,03784639;0,1334158;0,02903149;0,990828;1,88005;59,12796;14;0,2597204
;Bioindicateur.2;;B09-Fe-OMR-3;;10,53;145;783;72;14,75;78,3;7,2;11,8;1,17;10;20,3;7,57;<1;8,72;0,183;203;1,72;251,9558;0,044;21,05;-99;0,886;15,0058;0,1820442;9,80E+09;1,20E+08;;7,185504;7,880625;0,08602887;28,92341;5,004658;1,356676;4,299729;3,94E+00;6,65E-01;1,51E+01;6,38E-01;9,95E-01;0,00E+00;2,71E+00;0,2737049;0,252272;0,277375;0,0372292;0,1342198;0,03129654;0,963777;1,947671;49,37054;12,66667;0,242629
;Bioindicateur.2;;B09-Fe-OMR-4;;11,36;161;774;65;16,35;77,4;6,5;12,1;1,22;9,97;21;7,6;<1;9,64;0,167;185;1,52;197;0,038;14,59;-99;0,8048;15,63618;0,06794208;1,18E+10;1,19E+08;0,3933465;7,333027;6,983045;0,09001697;32,53914;4,6857;1,476167;2,712262;4,39E+00;2,08E+00;1,80E+01;7,39E-01;1,11E+00;0,00E+00;1,33E-01;0,2823304;0,2310654;0,2686231;0,03507128;0,1305594;0,03166754;0,9148921;2,111407;35,95635;12,33333;0,2756954
;Bioindicateur.2;;B09-Me-98FA-1;;26,14;303;596;101;30,3;59,6;10,1;49,5;3,49;14,2;85,7;7,97;44,5;29,6;0,128;480;0,97;803,83;0,05980878;39,39;8,5266;3,9034;25,66328;0,7138758;7,27E+09;1,73E+08;0,6922756;3,669978;11,81982;0,2291799;63,87055;7,162921;3,138654;3,556173;1,07E+01;4,06E+01;4,15E+01;1,52E+00;5,37E+00;1,64E-01;-9,90E+01;0,2271124;0,2758184;0,3218116;0,05521893;0,1715878;0,04430657;1,267606;0,8208347;364,8043;13,33333;0,2649355
;Bioindicateur.2;;B09-Me-98FA-2;;25,27;292;602;106;29,2;60,2;10,6;47;3,3;14,2;81,3;8,06;62;28,9;0,091;562;1,2;905,4167;0,05753792;44,48;8,94645;4,4287;26,66865;1,180014;1,47E+10;3,65E+08;0,6197342;5,626895;16,93294;0,3262536;92,96245;13,87147;3,653386;4,348161;9,88E+00;-9,90E+01;3,60E+01;2,53E+00;2,92E+00;4,63E-02;2,13E+00;0,2458435;0,2664013;0,3461103;0,06511395;0,1881306;0,03783972;1,265846;0,9028208;412,3324;13,66667;0,2649068
;Bioindicateur.2;;B09-Me-98FA-3;;26,45;298;597;105;29,8;59,7;10,5;53,4;3,66;14,6;92,3;7,94;42,1;29,6;0,139;541;1,01;711,6667;0,0469809;38,43;6,5859;3,9742;23,6675;0,60935;9,37E+09;2,16E+08;0,59475;4,542535;13,29563;0,2279427;74,04247;8,68673;1,910503;3,654564;1,15E+01;2,56E+01;3,58E+01;4,22E+00;3,53E+00;9,55E-02;1,73E+00;0,2429921;0,2664113;0,3258061;0,05278496;0,1620134;0,05057009;1,259435;0,9307379;385,501;8,666667;0,1737025
;Bioindicateur.2;;B09-Me-98FA-4;;25,21;297;605;98;29,7;60,5;9,8;42,4;2,92;14,6;73,4;8,01;56,7;27,9;0,092;574;1,35;731,4167;0,04550875;39,71;8,0238;2,5498;22,87349;1,078217;2,05E+10;3,40E+08;0,4345395;4,984532;11,3649;0,2653532;67,4761;7,035519;0,3558804;4,284933;8,81E+00;3,79E+01;3,59E+01;1,70E+00;2,95E+00;1,16E-01;1,71E+00;0,2494563;0,2425519;0,3010456;0,05150605;0,1710905;0,07877257;1,217084;1,115417;382,6725;12;0,250043
;Bioindicateur.2;;B09-Me-117-F-1;;22,16;290;614;96;29;61,4;9,6;25,8;2,01;12,8;44,6;8,23;70,3;23,9;0,151;319;1,24;389,425;0,04359886;25,3;2,74005;1,3682;30,04282;3,11302;1,51E+10;4,76E+07;0,6730055;1,943889;6,289291;0,1812008;42,137;27,08877;0,09050499;2,801071;3,62E+00;2,12E+01;2,11E+01;1,07E+00;1,96E+00;1,86E-02;1,20E+00;0,2010959;0,2955403;0,3504388;0,06239074;0,178036;0,04571907;1,33133;0,5659114;541,8955;10,44444;0,1780968
;Bioindicateur.2;;B09-Me-117-F-2;;22,94;295;609;96;29,5;60,9;9,6;25,2;1,97;12,8;43,5;8,19;66,8;23,9;0,192;338;1,34;407,975;0,04310809;24,28;2,18745;1,6731;27,67674;2,509151;1,27E+10;2,27E+07;0,8409747;2,350409;7,430704;0,1977332;50,66517;3,745403;0,3954194;3,282854;5,79E+00;1,91E+01;1,78E+01;8,43E-01;1,33E+00;4,59E-02;1,69E+00;0,1890922;0,2485367;0,2862865;0,06302585;0,2201496;0,03581876;1,263929;0,6112238;527,2527;10,33333;0,1542348
;Bioindicateur.2;;B09-Me-117-F-3;;22,39;301;605;94;30,1;60,5;9,4;27,4;2,09;13,1;47,3;8,19;65,9;24,6;0,172;364;1,33;419,15;0,04112539;25,89;3,1701;1,6652;27,07189;4,923727;1,06E+10;2,08E+07;0,5194824;3,099269;8,058833;0,2333057;57,70033;6,147961;0,9516952;2,83313;5,60E+00;2,21E+01;3,01E+01;1,17E+00;2,07E+00;1,36E-02;1,40E+00;0,2051259;0,3178121;0,3631184;0,06625333;0,1824566;0,0520628;1,130054;0,6749421;570,0748;10,33333;0,1756398
;Bioindicateur.2;;B09-Me-117-F-4;;22,6;293;610;97;29,3;61;9,7;27,6;2,12;13;47,7;8,16;61,4;24,8;0,188;370;1,34;469,55;0,04532336;26,29;3,2403;1,5334;24,89499;2,767547;4,43E+09;2,86E+07;0,7789788;3,427904;8,670995;0,2307836;45,70917;12,81725;1,432487;3,064223;8,08E+00;2,63E+01;2,64E+01;1,93E+00;2,72E+00;5,55E-02;1,27E+00;0,1889253;0,291748;0,3790719;0,07749011;0,2044206;0,04371429;1,48179;0,8040308;518,5393;10,66667;0,2044158
;Bioindicateur.2;;B09-Me-117-C-1;;26,66;309;477;214;30,9;47,7;21,4;26,3;2,22;11,8;45,5;8,22;17;29,2;0,157;205;0,78;256,9917;0,04477207;16,48;1,56225;0,8167;30,59661;0,1573916;2,00E+10;5,23E+07;0,3249452;1,070656;3,548101;0,03061571;30,47979;2,253378;0;1,081128;3,81E+00;8,53E+00;1,08E+01;6,85E-01;9,18E-01;2,63E-02;1,47E+00;0,2048048;0,2173672;0,3316731;0,04054935;0,122257;0,04419216;1,258462;0,8978419;212,6536;2,666667;0,07593011
;Bioindicateur.2;;B09-Me-117-C-2;;28;324;455;221;32,4;45,5;22,1;25,8;2,18;11,9;44,6;8,2;19,1;29,3;0,16;212;0,82;282,175;0,04753622;16,84;1,65825;0,8538;16,3831;0,1048054;9,81E+09;1,67E+07;0,2802104;0,6557801;2,608212;0,06502469;22,19818;1,66482;0;1,359456;5,12E+00;9,80E+00;9,08E+00;2,02E-01;2,40E-01;6,31E-02;8,44E-01;0,2368267;0,2070788;0,4115675;0,04711717;0,1144822;0,04861613;1,172159;1,231629;172,0672;3,666667;0,105629
;Bioindicateur.2;;B09-Me-117-C-3;;27,31;316;480;204;31,6;48;20,4;28;2,29;12,2;48,5;8,19;14,9;29,4;0,168;213;0,76;263,6583;0,0442083;16,23;2,17785;1,1319;19,73994;0,1638091;1,22E+10;2,00E+07;0,3214605;0,8827224;4,107333;0,07481898;27,50879;3,150312;1,937807;1,664264;4,12E+00;1,13E+01;2,12E+01;1,27E+00;1,25E+00;1,10E-01;1,69E+00;0,2078232;0,2655272;0,3050335;0,05442239;0,1784144;0,04704102;1,171654;0,8335965;182,0655;4,333333;0,1334409
;Bioindicateur.2;;B09-Me-117-C-4;;26,74;320;473;207;32;47,3;20,7;24,9;2,13;11,7;43;8,22;20,1;28,9;0,152;195;0,78;256,3333;0,04694749;15,72;1,58865;0,747;14,03164;0,0299671;9,79E+09;2,08E+07;0,3162584;1,176334;6,38121;0,07614826;31,38206;3,057065;1,213214;1,603223;4,77E+00;1,02E+01;1,15E+01;7,15E-01;3,59E-01;2,34E-02;1,63E+00;0,2080677;0,2465848;0,3730096;0,04782113;0,1282035;0,04824864;1,209635;0,9774128;182,6521;1,666667;0,07540681
;Bioindicateur.2;;B09-Me- 103-F-1;;17,7;203;278;519;20,3;27,8;51,9;33,4;2,37;14,1;57,9;6,5;<1;17,1;0,132;600;1,8;570,4892;0,03395769;27,42;3,6801;5,4945;27,1419;1,780574;2,13E+10;2,77E+08;0,3503039;16,1269;35,14425;0,08029834;33,77057;5,069963;1,688488;2,269494;2,59E+00;4,82E+01;1,23E+01;1,28E+00;2,84E+00;1,49E-01;3,09E+00;0,2160674;0,2111852;0,2620188;0,04468653;0,1705471;0,07606884;3,429771;1,188923;404,9952;15;0,2776344
;Bioindicateur.2;;B09-Me- 103-F-2;;18,71;210;299;491;21;29,9;49,1;30,2;2,16;13,9;52,2;6,4;<1;17,2;0,124;614;2,03;562,2392;0,03270353;22,38;3,8892;5,0553;28,41044;1,396936;2,38E+10;4,66E+08;0,369118;18,48605;39,2492;0,04622321;48,65969;5,971556;0;1,087178;6,92E+00;4,05E+01;8,32E+00;1,84E+00;2,94E+00;4,95E-02;2,39E+00;0,207225;0,2245434;0,2821258;0,04644778;0,164635;0,07711114;3,927335;1,032139;404,0221;14;0,294828
;Bioindicateur.2;;B09-Me- 103-F-3;;19,33;202;276;522;20,2;27,6;52,2;33,4;2,52;13,3;57,8;6,6;1,21;18,2;0,146;524;1,57;458,4142;0,03124415;26,34;5,9955;6,2334;23,44456;1,673447;1,71E+10;3,78E+08;0,4458945;17,26942;30,60161;0,1752877;44,53454;4,862027;2,30363;3,817988;4,24E+00;3,99E+01;1,07E+01;1,29E+00;4,05E+00;3,10E-02;3,33E+00;0,1827088;0,1963403;0,2470281;0,04809226;0,1946834;0,08019949;3,602811;0,8912909;383,2413;14,33333;0,2835323
;Bioindicateur.2;;B09-Me- 103-F-4;;18,24;194;292;514;19,4;29,2;51,4;25,6;1,87;13,7;44,3;6,37;<1;15,9;0,106;586;2,29;513,7392;0,03131029;25,55;4,323;5,4329;24,98313;1,474871;1,90E+10;5,54E+08;0,6542909;16,63558;25,10563;0,08696134;34,35842;5,829016;0,4176593;1,716689;1,24E-01;5,37E+01;1,15E+01;1,42E+00;4,45E+00;1,31E-01;2,92E+00;0,1994787;0,2192465;0,2683839;0,04724624;0,1760398;0,07606884;3,539229;1,062327;390,1041;12;0,2210771
;Bioindicateur.2;;B09-Me- 103-C-1;;13,67;174;349;477;17,4;34,9;47,7;16,7;1,22;13,8;29;7,96;3,09;13;0,53;186;1,11;252,7;0,0485215;15,48;2,0814;1,0263;8,510749;0,1084588;6,24E+09;8,68E+07;0,8281159;1,39052;5,351533;0,112621;32,77557;6,764173;0,3232875;1,995083;6,35E+00;8,95E+00;9,06E+00;6,79E-01;7,36E-01;9,49E-02;1,41E+00;0,2432361;0,3371075;0,4092646;0,01309209;0,0319893;0,0786733;1,135413;0,6762291;154,5414;14,66667;0,2854624
;Bioindicateur.2;;B09-Me- 103-C-2;;14,97;186;365;449;18,6;36,5;44,9;16,2;1,2;13,5;28;8,01;3,57;13,5;0,525;180;1,11;222,975;0,04424107;15,14;1,82625;0,7717;10,01883;0,1500928;7,38E+09;5,74E+07;0,6551086;1,399842;4,285553;0,08817749;28,07333;4,821061;0,7129043;2,628129;3,07E+00;8,81E+00;1,69E+01;1,12E-01;1,11E+00;1,36E-01;9,99E-01;0,2617155;0,2953359;0,3878545;0,01857485;0,04789127;0,06457235;1,168312;0,8112966;124,4976;10,33333;0,1929247
;Bioindicateur.2;;B09-Me- 103-C-3;;14,06;178;368;454;17,8;36,8;45,4;18,3;1,23;14,8;31,6;7,79;2,62;12,9;0,547;171;0,93;171,3167;0,03578043;11,28;1,51935;0,9563;11,65752;0,1153328;8,14E+09;7,12E+07;0,7031173;1,214274;3,308435;0,0396276;31,73563;7,725;0;1,587467;3,94E+00;8,15E+00;1,16E+01;2,94E-01;6,90E-01;9,10E-02;1,12E-01;0,2359232;0,275733;0,3980301;0,01229786;0,03089681;0,07775567;1,157312;1,273291;103,3992;12;0,2002491
;Bioindicateur.2;;B09-Me- 103-C-4;;13,51;184;373;443;18,4;37,3;44,3;17,1;1,24;13,8;29,5;7,84;3,04;13,3;0,554;164;0,96;222,9417;0,04855002;16,02;1,7559;0,8837;10,94436;0,1444635;1,01E+10;5,04E+07;1,148222;1,460159;6,387647;0,03438921;32,78793;19,0188;0,8252015;2,221675;4,28E+00;8,41E+00;8,64E+00;8,87E-02;1,74E+00;8,85E-02;1,38E+00;0,2304686;0,2884445;0,3578327;0,009964745;0,0278475;0,06625973;0,9396844;0,8222891;151,7604;13,66667;0,232672
;Bioindicateur.2;;B09-Me-Té-F-1;;14,4;164;530;306;16,4;53;30,6;19,9;1,56;12,8;34,5;6,54;<1;12;0,161;557;2,8;574,7392;0,0368517;13,23;2,7972;2,849;25,83814;1,452075;1,66E+10;1,28E+08;0,6075376;18,11552;26,67383;0,1245786;43,29771;5,475;2,093201;0,887262;4,41E+00;3,00E+01;4,07E+00;8,30E-01;2,83E+00;1,82E-01;2,37E+00;0,1886246;0,2953093;0,3121186;0,05262338;0,1686006;0,04621111;0,8650509;0,8558829;244,1808;14;0,2927348
;Bioindicateur.2;;B09-Me-Té-F-2;;14,72;163;520;317;16,3;52;31,7;20,4;1,59;12,9;35,3;6,7;<1;12,9;0,164;531;2,6;616,0725;0,04143614;36,95;3,1899;2,6265;23,91063;1,306478;7,06E+09;8,33E+07;0,9452031;15,80714;28,02627;0,08750034;40,59708;5,427886;0;1,457962;6,09E+00;2,93E+01;6,75E+00;6,14E-01;2,79E+00;7,23E-02;8,87E-01;0,1819454;0,3264838;0,3211631;0,04053902;0,1262257;0,0503796;0,8854637;0,7077758;270,6173;13;0,2400789
;Bioindicateur.2;;B09-Me-Té-F-3;;14,52;162;532;306;16,2;53,2;30,6;19,5;1,51;12,9;33,7;6,43;<1;11,7;0,18;598;3,07;695,8225;0,04155653;38,45;3,3735;2,4392;21,99904;0,7663866;6,74E+09;1,20E+08;0,7816584;15,21619;16,93544;0,07425129;38,06496;6,3125;0;1,378019;6,56E+00;2,78E+01;2,39E+00;1,39E+00;3,58E+00;6,55E-02;5,93E-01;0,1688876;0,3380051;0,3374299;0,04343592;0,1287258;0,04618878;0,9706872;0,5772836;417,076;14,66667;0,2845627
;Bioindicateur.2;;B09-Me-Té-F-4;;15,24;163;514;323;16,3;51,4;32,3;21;1,62;13;36,4;6,55;<1;12,4;0,184;481;2,29;604,8225;0,04490811;30,21;2,7861;1,5249;19,74212;0,9571592;1,22E+10;1,37E+08;0,4619671;18,65034;25,24785;0,03695277;45,49048;6,5125;0,7563038;1,760539;7,32E+00;3,58E+01;8,16E+00;0,00E+00;3,31E+00;5,73E-02;1,43E+00;0,1822716;0,3275868;0,3222481;0,04764313;0,1478461;0,0503796;0,8854637;0,7453133;269,7061;12,33333;0,297
;Bioindicateur.2;;B09-Me-Té-C-1;;14,57;182;525;293;18,2;52,5;29,3;13,2;1,1;11,9;22,8;7,16;<1;13,5;0,279;233;1,77;110,9642;0,01700861;8,37;1,761;1,2669;12,83896;0,1209197;5,55E+09;5,39E+07;0,6255412;10,89313;9,934911;0,04075248;28,53873;4,013618;0;0,6155421;2,45E+00;1,40E+01;1,22E+01;8,79E-01;1,15E+00;1,34E-01;9,37E-01;0,1977233;0,2875256;0,3800164;0,02185279;0,05750486;0,04908542;1,154487;0,984775;187,54;10,66667;0,1858172
;Bioindicateur.2;;B09-Me-Té-C-2;;14,85;178;530;292;17,8;53;29,2;15,3;1,17;13,1;26,5;6,64;<1;12,6;0,275;232;1,52;124,7392;0,01920246;11,16;2,08515;1,3275;14,66215;0,310024;6,96E+09;3,78E+07;0,4643956;10,22628;8,580561;0,03836482;25,04374;5,095591;0,4430334;1,274804;3,08E+00;1,23E+01;9,99E+00;1,11E-02;9,89E-02;7,96E-02;2,16E+00;0,1920531;0,2627692;0,3593937;0,02265751;0,06304371;0,04847207;1,12589;0,9818386;178,0231;10;0,2099642
;Bioindicateur.2;;B09-Me-Té-C-3;;15,48;185;527;288;18,5;52,7;28,8;14,1;1,1;12,9;24,4;7,17;<1;13,2;0,261;252;1,79;191,9642;0,02720581;9,16;1,7805;1,2972;14,32443;0,2086429;1,16E+10;2,89E+07;0,5012928;10,5451;18,22757;0,1450783;24,50837;2,19556;0;0,8405063;3,05E+00;1,10E+01;1,25E+01;0,00E+00;7,14E-01;1,53E-03;1,35E+00;0,1994976;0,2717617;0,3614551;0,01592452;0,04405671;0,04967901;1,113189;0,904144;142,3528;12,33333;0,2187778
;Bioindicateur.2;;B09-Me-Té-C-4;;14,88;180;535;285;18;53,5;28,5;15,9;1,2;13,3;27,6;6,75;<1;12,8;0,302;233;1,47;99,53083;0,01525611;8,47;1,72935;1,0569;16,6526;0,2006067;8,68E+09;2,79E+07;0,5014743;10,20093;10,54242;0,0565078;22,51789;3,650951;0;0,5878406;3,70E+00;1,06E+01;1,00E+01;7,76E-01;1,36E+00;3,88E-03;8,63E-01;0,1858867;0,2533171;0,3472078;0,02184256;0,0629092;0,04847207;1,111746;0,9112738;184,6657;9,333333;0,1810806
;Bioindicateur.2;;B09-F08-1;;30,2;280;615;105;28;61,5;10,5;86,9;4,58;19;150;3,95;<1;11,7;0,061;842;0,97;822,3225;0,035;41,16;11,1585;1,2225;6,758452;0,08673579;2,25E+09;3,55E+07;0,6405879;31,35782;5,959485;-99;56,83237;24,9645;-99;0,639352;0,00E+00;1,05E+00;2,33E-01;5,28E-01;1,11E+01;6,00E-02;6,31E+00;0,2109753;0,2674983;0,3542741;0,02168877;0,06122031;0,05333758;1,1795;0,9368622;102,3379;0;0,01114516
;Bioindicateur.2;;B09-F08-2;;28,6;265;600;135;26,5;60;13,5;104;5,4;19,3;180;3,83;<1;11;0,064;1029;0,99;1235,489;0,043;50,57;20,1961;1,5495;12,50151;0,2232852;4,42E+09;4,44E+07;0,6862162;21,46417;5,406812;-99;53,00795;33,64846;-99;0,4810956;0,00E+00;8,69E-01;4,02E+00;7,37E-01;7,01E+00;0,00E+00;8,61E+00;0,2203366;0,2993447;0,3611209;0,01526766;0,04227852;0,05745125;1,108706;0,6786463;131,5373;0;0,006116488
;Bioindicateur.2;;B09-F08-3;;24;244;650;106;24,4;65;10,6;65,5;3,51;18,7;113;4,14;<1;9,38;0,043;735;1,12;668,4892;0,032;33,88;-99;1,3735;10,01012;0,2239083;3,24E+09;4,82E+07;0,3676156;29,06305;4,029464;-99;41,7923;28,29144;-99;0,5200449;0,00E+00;1,44E+00;2,16E+00;0,00E+00;1,83E+00;1,81E-03;4,13E+00;0,2041614;0,2913688;0,3723142;0,01672421;0,04491962;0,05745125;1,164252;0,7598273;135,1379;0,3333333;0,03382437
;Bioindicateur.2;;B09-F08-4;;30,2;258;644;98;25,8;64,4;9,8;87,8;4,85;18,1;152;4,22;<1;9,8;0,039;1159;1,32;909,1558;0,028;51,55;16,8944;2,636;13,10524;0,3421903;4,74E+09;5,79E+07;0,5331535;47,91613;7,152587;-99;59,63382;28,29144;-99;1,550229;6,38E-01;0,00E+00;3,25E+00;0,00E+00;0,00E+00;0,00E+00;0,00E+00;0,2118904;0,303556;0,3814147;0,01764231;0,04625493;0,03787148;1,143701;0,8489971;213,4912;0,3333333;0,01658602
;Bioindicateur.2;;B09-GH-F-1;;18,5;164;239;597;16,4;23,9;59,7;84,2;2,41;34,9;146;8,32;279;15,7;0,314;476;0,57;605,02;0,045;27,25;3,2442;1,8811;16,54905;0,2622705;8,18E+08;3,82E+07;0,5563569;6,214269;2,366801;0,08404762;62,36653;5,274698;3,055756;2,500302;1,90E+01;1,93E+01;2,59E+01;1,08E+00;2,31E+00;1,28E-03;1,00E+00;0,2650133;0,2728215;0,3145494;0,0620601;0,1972985;0,02879965;0,8389262;1,536302;151,9888;5,666667;0,1347025
;Bioindicateur.2;;B09-GH-F-2;;17,5;141;220;639;14,1;22;63,9;157;3,51;44,8;272;8,26;218;14,3;0,261;583;0,37;752,27;0,046;44,69;3,64785;2,2828;15,21337;0,1819847;6,80E+09;1,32E+08;0,7085189;5,785528;2,4722;0,01260047;64,81828;6,189352;4,027261;2,914886;9,59E+00;2,10E+01;2,21E+01;2,47E+00;3,19E+00;0,00E+00;2,25E-01;0,2229696;0,2999226;0,2732329;0,06365658;0,2329755;0,02768748;0,8759428;1,304544;162,9554;10;0,1915251
;Bioindicateur.2;;B09-GH-F-3;;18;145;230;625;14,5;23;62,5;81,4;2,46;33,1;141;8,27;293;16;0,431;487;0,6;700,86;0,051;38,24;2,5944;1,6714;14,4018;0,1129732;5,44E+09;1,08E+08;0,8393955;6,534594;2,29686;0,0564795;54,89202;5,32;2,599088;2,594725;1,01E+01;9,12E+00;1,68E+01;7,55E-01;6,26E-01;1,89E-04;3,16E-01;0,257053;0,3058331;0,2957375;0,05671703;0,1917817;0,03407167;0,8493287;1,248292;151,8591;9;0,1758333
;Bioindicateur.2;;B09-GH-F-4;;18,9;124;249;627;12,4;24,9;62,7;244;4,44;54,9;422;8,33;188;14,1;0,249;542;0,22;705,69;0,047;34,95;1,2336;1,3683;11,43601;0,08187083;7,45E+08;3,99E+07;0,6128886;5,863469;2,023051;0,03296344;47,60006;6,41;3,609731;2,610788;1,02E+01;1,14E+01;1,89E+01;3,50E-01;1,18E+00;1,47E-03;5,93E-01;0,2303242;0,2616585;0,3075616;0,07578401;0,2464027;0,03256154;0,8744666;1,580598;163,2054;9;0,1732527
;Bioindicateur.2;;B09-GH-M-1;;17,5;95;174;731;9,5;17,4;73,1;228;4,75;48;394;8,29;143;12,2;0,171;502;0,22;1038,36;0,074;53,26;-99;-99;16,25804;0,05484361;1,33E+10;1,58E+08;0,7896317;6,196649;3,642327;-99;62,41148;7,907479;4,577015;5,000197;1,39E+00;1,52E+01;0,00E+00;3,81E-01;1,02E+00;2,48E-03;2,04E+00;0,210768;0,1914821;0,1603771;0,07449897;0,4645236;0,05103534;1,468042;4,0266;32,17708;13,66667;0,2952025
;Bioindicateur.2;;B09-GH-M-2;;17,6;93;164;743;9,3;16,4;74,3;200;4,12;48,6;347;8,32;136;11,1;0,143;545;0,27;872,52;0,057;52,67;-99;-99;14,2875;0,04276546;8,37E+09;8,28E+07;0,4602939;3,780217;1,533214;-99;51,87936;5,33;2,145904;4,592597;2,33E+00;3,79E+01;1,29E+00;1,63E-01;2,16E+00;2,16E-03;2,54E+00;0,2437624;0,1365861;0,1319022;0,03061662;0,2321162;0,03904231;0,9804708;6,521785;23,79894;14,33333;0,3108441
;Bioindicateur.2;;B09-GH-M-3;;17,4;95;190;715;9,5;19;71,5;215;4,22;51;373;8,34;137;10,9;0,158;505;0,23;777,44;0,055;40,31;-99;-99;11,447;0,03450505;5,95E+09;8,70E+07;0,5121236;2,875243;1,935272;-99;33,83867;5,475451;4,833029;4,324476;1,05E+01;4,49E+01;0,00E+00;5,83E-01;2,23E+00;0,00E+00;2,02E+00;0,2984839;0,1783578;0,1884386;0,05409221;0,2870548;0,05029755;0,9590991;4,179595;31,81038;15;0,3044677
;Bioindicateur.2;;B09-GH-M-4;;16,5;85;169;746;8,5;16,9;74,6;204;3,97;51,4;353;8,34;124;10,5;0,156;433;0,21;718,61;0,059;36,33;-99;-99;9,333824;0,01793839;5,86E+09;6,86E+07;0,6888707;3,072573;2,412819;-99;44,61064;6,623432;5,854277;3,670215;6,69E+00;3,07E+01;0,00E+00;3,84E-01;1,74E+00;6,97E-04;2,98E+00;0,3139875;0,1356129;0,1492729;0,03900653;0,2613102;0,03704269;0,6324758;6,250144;30,30708;14,33333;0,2960932
;Bioindicateur.2;;B09-F57-1;;3,51;48;75;877;4,8;7,5;87,7;10,7;0,587;18,3;18,6;4,15;<1;2,24;0,012;352;3,29;322,14;0,033;15,7;9,86205;3,8816;8,023289;0,3379553;9,81E+08;1,73E+07;0,1830739;6,873703;2,610141;0,0233713;36,34566;8,27702;2,617423;1,095214;8,77E+00;9,48E+00;3,06E+01;5,05E-01;1,08E+00;0,00E+00;0,00E+00;0,274551;0,3581192;0,43327;0,01844552;0,0425728;0,01353314;1,659478;1,357286;96,73448;0;0,03464875
;Bioindicateur.2;;B09-F57-2;;3,13;41;74;885;4,1;7,4;88,5;13,3;0,701;19;23;4,1;<1;2,07;0,012;392;2,95;401,76;0,037;26,36;10,8726;4,3211;9,634828;0,4415713;1,96E+09;3,32E+07;0,2403348;8,019486;2,536931;0,03293429;42,05598;20,14866;3,443215;0,6690296;1,05E+01;9,58E+00;2,97E+01;4,58E-01;7,26E-01;0,00E+00;0,00E+00;0,2725626;0,3122045;0,3806696;0,01697668;0,04459688;0,01313643;1,703658;1,643653;81,57626;0;0,03659678
;Bioindicateur.2;;B09-F57-3;;4,27;49;72;879;4,9;7,2;87,9;14,4;0,77;18,7;24,9;4,18;<1;2,2;0,012;280;1,94;285,22;0,036;14,52;8,5038;3,3621;9,36984;0,2937403;3,09E+09;1,90E+07;0,2216016;9,025645;2,87701;0,02336352;39,21515;9,471326;2,442268;0,636475;7,29E+00;9,04E+00;2,66E+01;4,59E-01;3,83E-01;0,00E+00;5,74E-01;0,266567;0,334922;0,390975;0,02047885;0,05237894;0,01176837;1,814352;1,357515;81,23411;0;0,03819355
;Bioindicateur.2;;B09-F57-4;;3,75;40;68;892;4;6,8;89,2;12,7;0,677;18,8;22;4,11;<1;2,08;0,012;278;2,19;345,72;0,044;22,92;8,39115;3,1231;7,961581;0,3998163;3,17E+09;9,27E+06;0,2228821;7,539486;2,863572;0,02088264;34,95956;8,784451;1,931036;1,050248;7,98E+00;5,87E+00;2,56E+01;5,19E-01;0,00E+00;0,00E+00;3,31E-01;0,2759911;0,2430982;0,2923848;0,01203289;0,0411543;0,01219787;1,500931;2,496717;68,65535;0;0,02915591
